algorithm	test	instance	rep	msg.lrg	msg.tot	time	nb.msgAC
DPOP	var	5.0	1	36	85	41	NA
P-HDPOP	var	5.0	1	NA	NA	NA	NA
HDPOP	var	5.0	1	NA	NA	NA	NA
ABC-DPOP	var	5.0	1	6	6	0.0393391	5
BC-DPOP	var	5.0	1	8	14	0.0281334	5
DPOP	var	5.0	2	36	85	40	NA
P-HDPOP	var	5.0	2	36	66.0	53	NA
HDPOP	var	5.0	2	18	42.0	40	NA
ABC-DPOP	var	5.0	2	6	21	0.018119799	5
BC-DPOP	var	5.0	2	36	69	0.023365	5
DPOP	var	5.0	3	36	85	40	NA
P-HDPOP	var	5.0	3	36	84.0	43	NA
HDPOP	var	5.0	3	12	36.0	32	NA
ABC-DPOP	var	5.0	3	6	21	0.0193119	5
BC-DPOP	var	5.0	3	24	57	0.016927699	5
DPOP	var	5.0	4	36	85	38	NA
P-HDPOP	var	5.0	4	NA	NA	NA	NA
HDPOP	var	5.0	4	NA	NA	NA	NA
ABC-DPOP	var	5.0	4	4	4	0.0283718	5
BC-DPOP	var	5.0	4	8	12	0.0305176	5
DPOP	var	5.0	5	36	85	41	NA
P-HDPOP	var	5.0	5	36	66.0	38	NA
HDPOP	var	5.0	5	18	42.0	35	NA
ABC-DPOP	var	5.0	5	6	23	0.0271797	5
BC-DPOP	var	5.0	5	24	59	0.0305176	5
DPOP	var	5.0	6	36	85	40	NA
P-HDPOP	var	5.0	6	NA	NA	NA	NA
HDPOP	var	5.0	6	NA	NA	NA	NA
ABC-DPOP	var	5.0	6	6	6	0.0281334	5
BC-DPOP	var	5.0	6	8	14	0.030279199	5
DPOP	var	5.0	7	36	85	43	NA
P-HDPOP	var	5.0	7	36	84.0	50	NA
HDPOP	var	5.0	7	36	60.0	48	NA
ABC-DPOP	var	5.0	7	36	51	0.061512	5
BC-DPOP	var	5.0	7	36	81	0.113726	5
DPOP	var	5.0	8	NA	NA	42	NA
P-HDPOP	var	5.0	8	NA	NA	NA	NA
HDPOP	var	5.0	8	NA	NA	NA	NA
ABC-DPOP	var	5.0	8	NA	NA	NA	NA
BC-DPOP	var	5.0	8	8	12	0.00905991	NA
DPOP	var	5.0	9	36	85	42	NA
P-HDPOP	var	5.0	9	36	84.0	44	NA
HDPOP	var	5.0	9	36	60.0	46	NA
ABC-DPOP	var	5.0	9	24	41	0.0815392	5
BC-DPOP	var	5.0	9	24	59	0.105143	5
DPOP	var	5.0	10	36	85	42	NA
P-HDPOP	var	5.0	10	36	84.0	39	NA
HDPOP	var	5.0	10	36	84.0	38	NA
ABC-DPOP	var	5.0	10	24	39	0.017166099	5
BC-DPOP	var	5.0	10	36	69	0.141144	5
DPOP	var	5.0	11	36	85	42	NA
P-HDPOP	var	5.0	11	NA	NA	NA	NA
HDPOP	var	5.0	11	NA	NA	NA	NA
ABC-DPOP	var	5.0	11	4	4	0.0162125	5
BC-DPOP	var	5.0	11	8	12	0.0133514	5
DPOP	var	5.0	12	36	85	42	NA
P-HDPOP	var	5.0	12	18	48.0	36	NA
HDPOP	var	5.0	12	18	42.0	36	NA
ABC-DPOP	var	5.0	12	8	23	0.0162125	5
BC-DPOP	var	5.0	12	8	25	0.0317097	5
DPOP	var	5.0	13	36	85	42	NA
P-HDPOP	var	5.0	13	36	84.0	45	NA
HDPOP	var	5.0	13	36	84.0	39	NA
ABC-DPOP	var	5.0	13	24	39	0.018835101	5
BC-DPOP	var	5.0	13	24	57	0.0987053	5
DPOP	var	5.0	14	36	85	40	NA
P-HDPOP	var	5.0	14	36	84.0	41	NA
HDPOP	var	5.0	14	36	84.0	42	NA
ABC-DPOP	var	5.0	14	24	39	0.0355244	5
BC-DPOP	var	5.0	14	24	57	0.0998974	5
DPOP	var	5.0	15	36	85	39	NA
P-HDPOP	var	5.0	15	36	84.0	48	NA
HDPOP	var	5.0	15	36	60.0	41	NA
ABC-DPOP	var	5.0	15	36	51	0.0321865	5
BC-DPOP	var	5.0	15	36	81	0.110626005	5
DPOP	var	5.0	16	36	85	41	NA
P-HDPOP	var	5.0	16	18	48.0	36	NA
HDPOP	var	5.0	16	18	48.0	43	NA
ABC-DPOP	var	5.0	16	8	23	0.0200272	5
BC-DPOP	var	5.0	16	24	41	0.099659	5
DPOP	var	5.0	17	36	85	41	NA
P-HDPOP	var	5.0	17	36	84.0	50	NA
HDPOP	var	5.0	17	36	60.0	40	NA
ABC-DPOP	var	5.0	17	36	53	0.033855397	5
BC-DPOP	var	5.0	17	36	83	0.108719006	5
DPOP	var	5.0	18	36	85	42	NA
P-HDPOP	var	5.0	18	36	66.0	43	NA
HDPOP	var	5.0	18	18	42.0	40	NA
ABC-DPOP	var	5.0	18	6	21	0.018119799	5
BC-DPOP	var	5.0	18	36	69	0.0290871	5
DPOP	var	5.0	19	36	85	39	NA
P-HDPOP	var	5.0	19	36	66.0	41	NA
HDPOP	var	5.0	19	18	42.0	39	NA
ABC-DPOP	var	5.0	19	8	25	0.0333786	5
BC-DPOP	var	5.0	19	24	43	0.0967979	5
DPOP	var	5.0	20	NA	NA	43	NA
P-HDPOP	var	5.0	20	NA	NA	NA	NA
HDPOP	var	5.0	20	NA	NA	NA	NA
ABC-DPOP	var	5.0	20	NA	NA	NA	NA
BC-DPOP	var	5.0	20	8	12	0.0193119	NA
DPOP	var	5.0	21	36	85	40	NA
P-HDPOP	var	5.0	21	36	66.0	37	NA
HDPOP	var	5.0	21	18	42.0	39	NA
ABC-DPOP	var	5.0	21	6	21	0.0236034	5
BC-DPOP	var	5.0	21	24	57	0.035047498	5
DPOP	var	5.0	22	36	85	40	NA
P-HDPOP	var	5.0	22	36	84.0	45	NA
HDPOP	var	5.0	22	36	60.0	49	NA
ABC-DPOP	var	5.0	22	24	41	0.0271797	5
BC-DPOP	var	5.0	22	36	71	0.0452995	5
DPOP	var	5.0	23	36	85	40	NA
P-HDPOP	var	5.0	23	36	84.0	48	NA
HDPOP	var	5.0	23	36	60.0	46	NA
ABC-DPOP	var	5.0	23	36	53	0.0305176	5
BC-DPOP	var	5.0	23	36	83	0.103951	5
DPOP	var	5.0	24	36	85	41	NA
P-HDPOP	var	5.0	24	36	84.0	44	NA
HDPOP	var	5.0	24	36	60.0	39	NA
ABC-DPOP	var	5.0	24	24	43	0.0212193	5
BC-DPOP	var	5.0	24	24	61	0.026702901	5
DPOP	var	5.0	25	36	85	42	NA
P-HDPOP	var	5.0	25	36	84.0	47	NA
HDPOP	var	5.0	25	12	36.0	36	NA
ABC-DPOP	var	5.0	25	6	21	0.014782	5
BC-DPOP	var	5.0	25	36	69	0.0314713	5
DPOP	var	5.0	26	NA	NA	41	NA
P-HDPOP	var	5.0	26	NA	NA	NA	NA
HDPOP	var	5.0	26	NA	NA	NA	NA
ABC-DPOP	var	5.0	26	NA	NA	NA	NA
BC-DPOP	var	5.0	26	24	38	0.0138283	NA
DPOP	var	5.0	27	36	85	42	NA
P-HDPOP	var	5.0	27	36	84.0	39	NA
HDPOP	var	5.0	27	36	60.0	37	NA
ABC-DPOP	var	5.0	27	24	39	0.0152588	5
BC-DPOP	var	5.0	27	24	49	0.0314713	5
DPOP	var	5.0	28	NA	NA	40	NA
P-HDPOP	var	5.0	28	NA	NA	NA	NA
HDPOP	var	5.0	28	NA	NA	NA	NA
ABC-DPOP	var	5.0	28	NA	NA	NA	NA
BC-DPOP	var	5.0	28	24	38	0.0221729	NA
DPOP	var	5.0	29	36	85	42	NA
P-HDPOP	var	5.0	29	36	84.0	43	NA
HDPOP	var	5.0	29	36	84.0	40	NA
ABC-DPOP	var	5.0	29	24	41	0.0343323	5
BC-DPOP	var	5.0	29	36	71	0.107526995	5
DPOP	var	5.0	30	36	85	39	NA
P-HDPOP	var	5.0	30	36	84.0	41	NA
HDPOP	var	5.0	30	36	60.0	36	NA
ABC-DPOP	var	5.0	30	24	39	0.0174046	5
BC-DPOP	var	5.0	30	24	49	0.0314713	5
DPOP	var	5.0	31	36	85	43	NA
P-HDPOP	var	5.0	31	36	84.0	43	NA
HDPOP	var	5.0	31	12	36.0	40	NA
ABC-DPOP	var	5.0	31	6	23	0.0178814	5
BC-DPOP	var	5.0	31	36	71	0.0343323	5
DPOP	var	5.0	32	36	85	41	NA
P-HDPOP	var	5.0	32	36	84.0	50	NA
HDPOP	var	5.0	32	36	84.0	44	NA
ABC-DPOP	var	5.0	32	36	51	0.018119799	5
BC-DPOP	var	5.0	32	36	81	0.104666	5
DPOP	var	5.0	33	36	85	41	NA
P-HDPOP	var	5.0	33	NA	NA	NA	NA
HDPOP	var	5.0	33	NA	NA	NA	NA
ABC-DPOP	var	5.0	33	6	6	0.0243187	5
BC-DPOP	var	5.0	33	8	14	0.0281334	5
DPOP	var	5.0	34	36	85	39	NA
P-HDPOP	var	5.0	34	36	84.0	43	NA
HDPOP	var	5.0	34	36	60.0	36	NA
ABC-DPOP	var	5.0	34	24	41	0.017166099	5
BC-DPOP	var	5.0	34	24	59	0.0305176	5
DPOP	var	5.0	35	NA	NA	39	NA
P-HDPOP	var	5.0	35	NA	NA	NA	NA
HDPOP	var	5.0	35	NA	NA	NA	NA
ABC-DPOP	var	5.0	35	NA	NA	NA	NA
BC-DPOP	var	5.0	35	24	38	0.0212193	NA
DPOP	var	5.0	36	36	85	39	NA
P-HDPOP	var	5.0	36	36	84.0	46	NA
HDPOP	var	5.0	36	36	60.0	38	NA
ABC-DPOP	var	5.0	36	24	43	0.017166099	5
BC-DPOP	var	5.0	36	36	73	0.0226498	5
DPOP	var	5.0	37	NA	NA	43	NA
P-HDPOP	var	5.0	37	NA	NA	NA	NA
HDPOP	var	5.0	37	NA	NA	NA	NA
ABC-DPOP	var	5.0	37	NA	NA	NA	NA
BC-DPOP	var	5.0	37	8	14	0.020504	NA
DPOP	var	5.0	38	NA	NA	42	NA
P-HDPOP	var	5.0	38	NA	NA	NA	NA
HDPOP	var	5.0	38	NA	NA	NA	NA
ABC-DPOP	var	5.0	38	NA	NA	NA	NA
BC-DPOP	var	5.0	38	24	38	0.011205699	NA
DPOP	var	5.0	39	36	85	43	NA
P-HDPOP	var	5.0	39	36	84.0	45	NA
HDPOP	var	5.0	39	36	84.0	43	NA
ABC-DPOP	var	5.0	39	24	41	0.0753403	5
BC-DPOP	var	5.0	39	36	71	0.10848	5
DPOP	var	5.0	40	36	85	39	NA
P-HDPOP	var	5.0	40	18	48.0	36	NA
HDPOP	var	5.0	40	18	48.0	35	NA
ABC-DPOP	var	5.0	40	8	25	0.017166099	5
BC-DPOP	var	5.0	40	24	43	0.099659	5
DPOP	var	5.0	41	NA	NA	42	NA
P-HDPOP	var	5.0	41	NA	NA	NA	NA
HDPOP	var	5.0	41	NA	NA	NA	NA
ABC-DPOP	var	5.0	41	NA	NA	NA	NA
BC-DPOP	var	5.0	41	24	38	0.011205699	NA
DPOP	var	5.0	42	36	85	40	NA
P-HDPOP	var	5.0	42	36	84.0	39	NA
HDPOP	var	5.0	42	36	84.0	40	NA
ABC-DPOP	var	5.0	42	24	41	0.0343323	5
BC-DPOP	var	5.0	42	36	71	0.102520004	5
DPOP	var	5.0	43	NA	NA	42	NA
P-HDPOP	var	5.0	43	NA	NA	NA	NA
HDPOP	var	5.0	43	NA	NA	NA	NA
ABC-DPOP	var	5.0	43	NA	NA	NA	NA
BC-DPOP	var	5.0	43	24	38	0.0140667	NA
DPOP	var	5.0	44	36	85	42	NA
P-HDPOP	var	5.0	44	36	84.0	45	NA
HDPOP	var	5.0	44	36	84.0	49	NA
ABC-DPOP	var	5.0	44	24	59	0.110626005	5
BC-DPOP	var	5.0	44	24	59	0.102758	5
DPOP	var	5.0	45	36	85	42	NA
P-HDPOP	var	5.0	45	36	84.0	45	NA
HDPOP	var	5.0	45	36	84.0	42	NA
ABC-DPOP	var	5.0	45	24	41	0.016927699	5
BC-DPOP	var	5.0	45	36	71	0.113249	5
DPOP	var	5.0	46	36	85	42	NA
P-HDPOP	var	5.0	46	36	84.0	40	NA
HDPOP	var	5.0	46	12	36.0	36	NA
ABC-DPOP	var	5.0	46	6	23	0.0162125	5
BC-DPOP	var	5.0	46	24	59	0.0355244	5
DPOP	var	5.0	47	36	85	42	NA
P-HDPOP	var	5.0	47	NA	NA	NA	NA
HDPOP	var	5.0	47	NA	NA	NA	NA
ABC-DPOP	var	5.0	47	4	4	0.018358199	5
BC-DPOP	var	5.0	47	8	12	0.011205699	5
DPOP	var	5.0	48	NA	NA	39	NA
P-HDPOP	var	5.0	48	NA	NA	NA	NA
HDPOP	var	5.0	48	NA	NA	NA	NA
ABC-DPOP	var	5.0	48	NA	NA	NA	NA
BC-DPOP	var	5.0	48	24	36	0.018119799	NA
DPOP	var	5.0	49	36	85	42	NA
P-HDPOP	var	5.0	49	NA	NA	NA	NA
HDPOP	var	5.0	49	NA	NA	NA	NA
ABC-DPOP	var	5.0	49	6	6	0.026226	5
BC-DPOP	var	5.0	49	8	14	0.023841899	5
DPOP	var	5.0	50	36	85	42	NA
P-HDPOP	var	5.0	50	36	84.0	42	NA
HDPOP	var	5.0	50	12	36.0	39	NA
ABC-DPOP	var	5.0	50	6	23	0.0162125	5
BC-DPOP	var	5.0	50	36	71	0.035285898	5
DPOP	var	10.0	1	216	595	79	NA
P-HDPOP	var	10.0	1	216	468.0	102	NA
HDPOP	var	10.0	1	216	468.0	102	NA
ABC-DPOP	var	10.0	1	144	299	1.42884	10
BC-DPOP	var	10.0	1	144	299	0.622034	10
DPOP	var	10.0	2	36	145	61	NA
P-HDPOP	var	10.0	2	36	126.0	59	NA
HDPOP	var	10.0	2	36	126.0	64	NA
ABC-DPOP	var	10.0	2	36	111	0.110148996	10
BC-DPOP	var	10.0	2	36	111	0.244141	10
DPOP	var	10.0	3	216	985	77	NA
P-HDPOP	var	10.0	3	108	456.0	113	NA
HDPOP	var	10.0	3	108	312.0	93	NA
ABC-DPOP	var	10.0	3	48	147	0.379801	10
BC-DPOP	var	10.0	3	48	225	1.4107201	10
DPOP	var	10.0	4	36	265	60	NA
P-HDPOP	var	10.0	4	36	264.0	70	NA
HDPOP	var	10.0	4	36	216.0	70	NA
ABC-DPOP	var	10.0	4	36	131	0.0655651	10
BC-DPOP	var	10.0	4	36	227	0.120400995	10
DPOP	var	10.0	5	216	595	66	NA
P-HDPOP	var	10.0	5	216	468.0	98	NA
HDPOP	var	10.0	5	216	432.0	96	NA
ABC-DPOP	var	10.0	5	96	207	0.12445401	10
BC-DPOP	var	10.0	5	96	223	0.12207	10
DPOP	var	10.0	6	216	985	66	NA
P-HDPOP	var	10.0	6	108	528.0	115	NA
HDPOP	var	10.0	6	108	376.0	105	NA
ABC-DPOP	var	10.0	6	48	159	0.26178402	10
BC-DPOP	var	10.0	6	48	269	0.63300097	10
DPOP	var	10.0	7	216	805	91	NA
P-HDPOP	var	10.0	7	108	438.0	110	NA
HDPOP	var	10.0	7	108	366.0	103	NA
ABC-DPOP	var	10.0	7	32	131	0.0798702	10
BC-DPOP	var	10.0	7	144	341	0.668287	10
DPOP	var	10.0	8	216	595	77	NA
P-HDPOP	var	10.0	8	216	450.0	93	NA
HDPOP	var	10.0	8	72	262.0	67	NA
ABC-DPOP	var	10.0	8	36	131	0.0464916	10
BC-DPOP	var	10.0	8	144	355	0.139236	10
DPOP	var	10.0	9	36	175	64	NA
P-HDPOP	var	10.0	9	36	156.0	60	NA
HDPOP	var	10.0	9	36	108.0	55	NA
ABC-DPOP	var	10.0	9	8	53	0.0376701	10
BC-DPOP	var	10.0	9	24	105	0.0989437	10
DPOP	var	10.0	10	216	595	74	NA
P-HDPOP	var	10.0	10	216	570.0	123	NA
HDPOP	var	10.0	10	72	238.0	96	NA
ABC-DPOP	var	10.0	10	24	101	0.0514984	10
BC-DPOP	var	10.0	10	144	335	0.629187	10
DPOP	var	10.0	11	216	595	70	NA
P-HDPOP	var	10.0	11	108	342.0	86	NA
HDPOP	var	10.0	11	108	270.0	76	NA
ABC-DPOP	var	10.0	11	64	187	0.425339	10
BC-DPOP	var	10.0	11	96	277	0.614643	10
DPOP	var	10.0	12	216	385	60	NA
P-HDPOP	var	10.0	12	36	168.0	76	NA
HDPOP	var	10.0	12	36	144.0	66	NA
ABC-DPOP	var	10.0	12	24	89	0.0293255	10
BC-DPOP	var	10.0	12	96	205	0.121117	10
DPOP	var	10.0	13	36	205	57	NA
P-HDPOP	var	10.0	13	36	186.0	59	NA
HDPOP	var	10.0	13	36	162.0	63	NA
ABC-DPOP	var	10.0	13	24	107	0.075101905	10
BC-DPOP	var	10.0	13	36	149	0.103235	10
DPOP	var	10.0	14	216	565	99	NA
P-HDPOP	var	10.0	14	216	378.0	97	NA
HDPOP	var	10.0	14	36	146.0	67	NA
ABC-DPOP	var	10.0	14	24	81	0.0500679	10
BC-DPOP	var	10.0	14	96	267	0.572443	10
DPOP	var	10.0	15	216	625	82	NA
P-HDPOP	var	10.0	15	216	492.0	96	NA
HDPOP	var	10.0	15	108	348.0	79	NA
ABC-DPOP	var	10.0	15	96	207	0.0939369	10
BC-DPOP	var	10.0	15	144	441	0.147104	10
DPOP	var	10.0	16	216	625	57	NA
P-HDPOP	var	10.0	16	NA	NA	NA	NA
HDPOP	var	10.0	16	NA	NA	NA	NA
ABC-DPOP	var	10.0	16	16	30	0.0283718	10
BC-DPOP	var	10.0	16	48	102	0.0991821	10
DPOP	var	10.0	17	216	805	79	NA
P-HDPOP	var	10.0	17	216	510.0	111	NA
HDPOP	var	10.0	17	108	322.0	95	NA
ABC-DPOP	var	10.0	17	64	165	0.301123	10
BC-DPOP	var	10.0	17	216	511	0.67997	10
DPOP	var	10.0	18	1296	1885	76	NA
P-HDPOP	var	10.0	18	1296	1680.0	242	NA
HDPOP	var	10.0	18	216	528.0	121	NA
ABC-DPOP	var	10.0	18	96	313	0.4673	10
BC-DPOP	var	10.0	18	384	611	4.20237	10
DPOP	var	10.0	19	216	745	78	NA
P-HDPOP	var	10.0	19	216	510.0	120	NA
HDPOP	var	10.0	19	216	438.0	110	NA
ABC-DPOP	var	10.0	19	144	259	0.642061	10
BC-DPOP	var	10.0	19	144	295	0.60606	10
DPOP	var	10.0	20	216	445	68	NA
P-HDPOP	var	10.0	20	NA	NA	NA	NA
HDPOP	var	10.0	20	NA	NA	NA	NA
ABC-DPOP	var	10.0	20	24	54	0.10681199	10
BC-DPOP	var	10.0	20	36	74	0.0975132	10
DPOP	var	10.0	21	NA	NA	61	NA
P-HDPOP	var	10.0	21	NA	NA	NA	NA
HDPOP	var	10.0	21	NA	NA	NA	NA
ABC-DPOP	var	10.0	21	NA	NA	NA	NA
BC-DPOP	var	10.0	21	24	68	0.013113	NA
DPOP	var	10.0	22	36	265	59	NA
P-HDPOP	var	10.0	22	36	264.0	61	NA
HDPOP	var	10.0	22	36	216.0	58	NA
ABC-DPOP	var	10.0	22	36	131	0.0934601	10
BC-DPOP	var	10.0	22	36	175	0.100136	10
DPOP	var	10.0	23	216	805	58	NA
P-HDPOP	var	10.0	23	216	678.0	132	NA
HDPOP	var	10.0	23	216	630.0	129	NA
ABC-DPOP	var	10.0	23	96	293	0.277042	10
BC-DPOP	var	10.0	23	144	377	0.60820603	10
DPOP	var	10.0	24	216	745	86	NA
P-HDPOP	var	10.0	24	324	612.0	143	NA
HDPOP	var	10.0	24	216	468.0	113	NA
ABC-DPOP	var	10.0	24	64	131	0.0464916	10
BC-DPOP	var	10.0	24	144	341	0.613928	10
DPOP	var	10.0	25	216	595	62	NA
P-HDPOP	var	10.0	25	216	594.0	124	NA
HDPOP	var	10.0	25	216	594.0	125	NA
ABC-DPOP	var	10.0	25	216	499	0.688791	10
BC-DPOP	var	10.0	25	216	511	0.679016	10
DPOP	var	10.0	26	NA	NA	56	NA
P-HDPOP	var	10.0	26	NA	NA	NA	NA
HDPOP	var	10.0	26	NA	NA	NA	NA
ABC-DPOP	var	10.0	26	NA	NA	NA	NA
BC-DPOP	var	10.0	26	24	90	0.0896454	NA
DPOP	var	10.0	27	216	415	60	NA
P-HDPOP	var	10.0	27	108	306.0	73	NA
HDPOP	var	10.0	27	108	258.0	73	NA
ABC-DPOP	var	10.0	27	48	115	0.0152588	10
BC-DPOP	var	10.0	27	48	179	0.0846386	10
DPOP	var	10.0	28	216	775	58	NA
P-HDPOP	var	10.0	28	216	774.0	136	NA
HDPOP	var	10.0	28	216	750.0	138	NA
ABC-DPOP	var	10.0	28	96	349	0.28037998	10
BC-DPOP	var	10.0	28	216	613	0.619888	10
DPOP	var	10.0	29	36	205	66	NA
P-HDPOP	var	10.0	29	36	204.0	70	NA
HDPOP	var	10.0	29	36	156.0	72	NA
ABC-DPOP	var	10.0	29	24	97	0.025510801	10
BC-DPOP	var	10.0	29	36	177	0.0905991	10
DPOP	var	10.0	30	36	235	61	NA
P-HDPOP	var	10.0	30	36	216.0	69	NA
HDPOP	var	10.0	30	36	192.0	68	NA
ABC-DPOP	var	10.0	30	24	125	0.104666	10
BC-DPOP	var	10.0	30	36	167	0.101328	10
DPOP	var	10.0	31	216	775	71	NA
P-HDPOP	var	10.0	31	216	642.0	130	NA
HDPOP	var	10.0	31	216	498.0	112	NA
ABC-DPOP	var	10.0	31	96	239	0.09799	10
BC-DPOP	var	10.0	31	216	613	0.62418	10
DPOP	var	10.0	32	216	535	76	NA
P-HDPOP	var	10.0	32	108	390.0	98	NA
HDPOP	var	10.0	32	108	390.0	90	NA
ABC-DPOP	var	10.0	32	64	133	0.0917912	10
BC-DPOP	var	10.0	32	144	311	0.132322	10
DPOP	var	10.0	33	1296	2065	75	NA
P-HDPOP	var	10.0	33	432	888.0	177	NA
HDPOP	var	10.0	33	72	330.0	94	NA
ABC-DPOP	var	10.0	33	64	213	0.062465698	10
BC-DPOP	var	10.0	33	576	919	0.724316	10
DPOP	var	10.0	34	216	625	73	NA
P-HDPOP	var	10.0	34	216	456.0	93	NA
HDPOP	var	10.0	34	36	224.0	69	NA
ABC-DPOP	var	10.0	34	12	71	0.0300407	10
BC-DPOP	var	10.0	34	96	293	0.117302	10
DPOP	var	10.0	35	216	955	71	NA
P-HDPOP	var	10.0	35	108	480.0	126	NA
HDPOP	var	10.0	35	108	400.0	109	NA
ABC-DPOP	var	10.0	35	96	181	0.281334	10
BC-DPOP	var	10.0	35	144	399	0.6423	10
DPOP	var	10.0	36	216	925	76	NA
P-HDPOP	var	10.0	36	NA	NA	NA	NA
HDPOP	var	10.0	36	NA	NA	NA	NA
ABC-DPOP	var	10.0	36	48	64	0.113726	10
BC-DPOP	var	10.0	36	48	160	0.582218	10
DPOP	var	10.0	37	216	775	61	NA
P-HDPOP	var	10.0	37	108	354.0	96	NA
HDPOP	var	10.0	37	72	282.0	85	NA
ABC-DPOP	var	10.0	37	96	309	0.285864	10
BC-DPOP	var	10.0	37	96	327	0.58126396	10
DPOP	var	10.0	38	36	235	61	NA
P-HDPOP	var	10.0	38	NA	NA	NA	NA
HDPOP	var	10.0	38	NA	NA	NA	NA
ABC-DPOP	var	10.0	38	16	32	0.0312328	10
BC-DPOP	var	10.0	38	24	48	0.0941753	10
DPOP	var	10.0	39	36	265	61	NA
P-HDPOP	var	10.0	39	36	264.0	77	NA
HDPOP	var	10.0	39	36	216.0	73	NA
ABC-DPOP	var	10.0	39	24	95	0.0402927	10
BC-DPOP	var	10.0	39	36	191	0.103951	10
DPOP	var	10.0	40	216	625	67	NA
P-HDPOP	var	10.0	40	108	348.0	100	NA
HDPOP	var	10.0	40	36	232.0	89	NA
ABC-DPOP	var	10.0	40	16	79	0.033617	10
BC-DPOP	var	10.0	40	96	325	0.13113	10
DPOP	var	10.0	41	216	595	78	NA
P-HDPOP	var	10.0	41	216	426.0	114	NA
HDPOP	var	10.0	41	36	194.0	69	NA
ABC-DPOP	var	10.0	41	16	87	0.0309944	10
BC-DPOP	var	10.0	41	216	473	0.635624	10
DPOP	var	10.0	42	216	805	77	NA
P-HDPOP	var	10.0	42	216	654.0	122	NA
HDPOP	var	10.0	42	216	430.0	111	NA
ABC-DPOP	var	10.0	42	64	145	0.0605583	10
BC-DPOP	var	10.0	42	216	511	0.702858	10
DPOP	var	10.0	43	36	235	54	NA
P-HDPOP	var	10.0	43	36	234.0	65	NA
HDPOP	var	10.0	43	36	186.0	66	NA
ABC-DPOP	var	10.0	43	24	109	0.0355244	10
BC-DPOP	var	10.0	43	36	165	0.100851	10
DPOP	var	10.0	44	36	235	61	NA
P-HDPOP	var	10.0	44	36	216.0	68	NA
HDPOP	var	10.0	44	36	168.0	65	NA
ABC-DPOP	var	10.0	44	24	81	0.0681877	10
BC-DPOP	var	10.0	44	36	195	0.0884533	10
DPOP	var	10.0	45	36	265	58	NA
P-HDPOP	var	10.0	45	36	246.0	83	NA
HDPOP	var	10.0	45	36	198.0	73	NA
ABC-DPOP	var	10.0	45	24	93	0.0224113	10
BC-DPOP	var	10.0	45	36	173	0.0946522	10
DPOP	var	10.0	46	NA	NA	64	NA
P-HDPOP	var	10.0	46	NA	NA	NA	NA
HDPOP	var	10.0	46	NA	NA	NA	NA
ABC-DPOP	var	10.0	46	NA	NA	NA	NA
BC-DPOP	var	10.0	46	32	94	0.086307496	NA
DPOP	var	10.0	47	216	745	80	NA
P-HDPOP	var	10.0	47	216	576.0	129	NA
HDPOP	var	10.0	47	72	244.0	84	NA
ABC-DPOP	var	10.0	47	24	89	0.051975302	10
BC-DPOP	var	10.0	47	144	403	0.615358	10
DPOP	var	10.0	48	36	235	61	NA
P-HDPOP	var	10.0	48	36	234.0	69	NA
HDPOP	var	10.0	48	36	234.0	69	NA
ABC-DPOP	var	10.0	48	36	197	0.116348	10
BC-DPOP	var	10.0	48	36	197	0.110148996	10
DPOP	var	10.0	49	36	265	59	NA
P-HDPOP	var	10.0	49	36	264.0	69	NA
HDPOP	var	10.0	49	36	216.0	63	NA
ABC-DPOP	var	10.0	49	36	153	0.0944138	10
BC-DPOP	var	10.0	49	36	225	0.250816	10
DPOP	var	10.0	50	216	1135	69	NA
P-HDPOP	var	10.0	50	216	552.0	134	NA
HDPOP	var	10.0	50	216	408.0	116	NA
ABC-DPOP	var	10.0	50	96	337	0.0836849	10
BC-DPOP	var	10.0	50	216	903	1.32251	10
DPOP	var	15.0	1	7776	11365	89	NA
P-HDPOP	var	15.0	1	1296	5688.0	543	NA
HDPOP	var	15.0	1	432	2040.0	315	NA
ABC-DPOP	var	15.0	1	288	851	0.338316	15
BC-DPOP	var	15.0	1	1152	2707	4.94671	15
DPOP	var	15.0	2	46656	65365	152	NA
P-HDPOP	var	15.0	2	46656	105804.0	82866	NA
HDPOP	var	15.0	2	2592	8604.0	849	NA
ABC-DPOP	var	15.0	2	1728	4961	4.31752	15
BC-DPOP	var	15.0	2	20736	30691	34.6529	15
DPOP	var	15.0	3	NA	NA	136	NA
P-HDPOP	var	15.0	3	NA	NA	NA	NA
HDPOP	var	15.0	3	NA	NA	NA	NA
ABC-DPOP	var	15.0	3	NA	NA	NA	NA
BC-DPOP	var	15.0	3	144	604	0.64373	NA
DPOP	var	15.0	4	7776	14995	174	NA
P-HDPOP	var	15.0	4	648	1956.0	263	NA
HDPOP	var	15.0	4	186	918.0	169	NA
ABC-DPOP	var	15.0	4	64	363	0.0815392	15
BC-DPOP	var	15.0	4	1152	2945	4.62675	15
DPOP	var	15.0	5	7776	26725	184	NA
P-HDPOP	var	15.0	5	3888	12858.0	895	NA
HDPOP	var	15.0	5	864	3786.0	444	NA
ABC-DPOP	var	15.0	5	512	1199	3.00765	15
BC-DPOP	var	15.0	5	768	2225	28.695301	15
DPOP	var	15.0	6	7776	17365	251	NA
P-HDPOP	var	15.0	6	1944	4512.0	520	NA
HDPOP	var	15.0	6	216	1464.0	281	NA
ABC-DPOP	var	15.0	6	96	647	0.408411	15
BC-DPOP	var	15.0	6	864	2795	4.10509	15
DPOP	var	15.0	7	46656	119965	178	NA
P-HDPOP	var	15.0	7	7776	12084.0	1306	NA
HDPOP	var	15.0	7	2592	5172.0	637	NA
ABC-DPOP	var	15.0	7	13824	23043	60.2653	15
BC-DPOP	var	15.0	7	46656	117201	208.355	15
DPOP	var	15.0	8	1296	7285	121	NA
P-HDPOP	var	15.0	8	1296	5262.0	404	NA
HDPOP	var	15.0	8	1296	2946.0	351	NA
ABC-DPOP	var	15.0	8	144	685	0.154257	15
BC-DPOP	var	15.0	8	864	3607	0.78845	15
DPOP	var	15.0	9	7776	14995	169	NA
P-HDPOP	var	15.0	9	1296	3348.0	413	NA
HDPOP	var	15.0	9	432	1596.0	243	NA
ABC-DPOP	var	15.0	9	256	889	0.192404	15
BC-DPOP	var	15.0	9	5184	8015	29.201302	15
DPOP	var	15.0	10	7776	13765	110	NA
P-HDPOP	var	15.0	10	NA	NA	NA	NA
HDPOP	var	15.0	10	NA	NA	NA	NA
ABC-DPOP	var	15.0	10	16	74	0.0448227	15
BC-DPOP	var	15.0	10	384	920	4.57263	15
DPOP	var	15.0	11	7776	17725	88	NA
P-HDPOP	var	15.0	11	NA	NA	NA	NA
HDPOP	var	15.0	11	NA	NA	NA	NA
ABC-DPOP	var	15.0	11	48	88	1.25837	15
BC-DPOP	var	15.0	11	48	96	28.8177	15
DPOP	var	15.0	12	1296	8365	206	NA
P-HDPOP	var	15.0	12	1296	4722.0	523	NA
HDPOP	var	15.0	12	1296	3018.0	428	NA
ABC-DPOP	var	15.0	12	384	1057	0.23222001	15
BC-DPOP	var	15.0	12	864	3211	4.38738	15
DPOP	var	15.0	13	7776	17905	149	NA
P-HDPOP	var	15.0	13	2592	6228.0	579	NA
HDPOP	var	15.0	13	2592	4548.0	612	NA
ABC-DPOP	var	15.0	13	144	627	0.195503	15
BC-DPOP	var	15.0	13	3456	6713	28.235899	15
DPOP	var	15.0	14	1296	6385	277	NA
P-HDPOP	var	15.0	14	648	2698.0	305	NA
HDPOP	var	15.0	14	216	1104.0	214	NA
ABC-DPOP	var	15.0	14	288	533	0.55027	15
BC-DPOP	var	15.0	14	288	1459	4.5867	15
DPOP	var	15.0	15	7776	15025	149	NA
P-HDPOP	var	15.0	15	972	2460.0	286	NA
HDPOP	var	15.0	15	486	1740.0	260	NA
ABC-DPOP	var	15.0	15	768	1579	8.85367	15
BC-DPOP	var	15.0	15	1728	4769	30.355001	15
DPOP	var	15.0	16	46656	65785	115	NA
P-HDPOP	var	15.0	16	648	4164.0	522	NA
HDPOP	var	15.0	16	648	2692.0	407	NA
ABC-DPOP	var	15.0	16	576	1387	1.32275	15
BC-DPOP	var	15.0	16	6912	11265	33.7617	15
DPOP	var	15.0	17	7776	19165	122	NA
P-HDPOP	var	15.0	17	NA	NA	NA	NA
HDPOP	var	15.0	17	NA	NA	NA	NA
ABC-DPOP	var	15.0	17	288	1084	0.243902	15
BC-DPOP	var	15.0	17	7776	15276	29.8295	15
DPOP	var	15.0	18	NA	NA	80	NA
P-HDPOP	var	15.0	18	NA	NA	NA	NA
HDPOP	var	15.0	18	NA	NA	NA	NA
ABC-DPOP	var	15.0	18	NA	NA	NA	NA
BC-DPOP	var	15.0	18	16	54	0.64730597	NA
DPOP	var	15.0	19	1296	2605	119	NA
P-HDPOP	var	15.0	19	NA	NA	NA	NA
HDPOP	var	15.0	19	NA	NA	NA	NA
ABC-DPOP	var	15.0	19	48	124	0.0865459	15
BC-DPOP	var	15.0	19	96	216	3.9305701	15
DPOP	var	15.0	20	7776	19165	140	NA
P-HDPOP	var	15.0	20	2592	8580.0	869	NA
HDPOP	var	15.0	20	2592	6708.0	507	NA
ABC-DPOP	var	15.0	20	2304	5657	13.6828	15
BC-DPOP	var	15.0	20	5184	11099	30.5629	15
DPOP	var	15.0	21	7776	25615	326	NA
P-HDPOP	var	15.0	21	3888	16074.0	941	NA
HDPOP	var	15.0	21	1944	10890.0	850	NA
ABC-DPOP	var	15.0	21	1024	1945	1.4071499	15
BC-DPOP	var	15.0	21	5184	11779	30.7155	15
DPOP	var	15.0	22	1296	2425	83	NA
P-HDPOP	var	15.0	22	NA	NA	NA	NA
HDPOP	var	15.0	22	NA	NA	NA	NA
ABC-DPOP	var	15.0	22	64	154	0.332594	15
BC-DPOP	var	15.0	22	96	326	0.740051	15
DPOP	var	15.0	23	7776	11575	283	NA
P-HDPOP	var	15.0	23	3888	13590.0	1715	NA
HDPOP	var	15.0	23	1296	5310.0	712	NA
ABC-DPOP	var	15.0	23	288	865	0.633717	15
BC-DPOP	var	15.0	23	1728	3583	4.9004602	15
DPOP	var	15.0	24	7776	18805	141	NA
P-HDPOP	var	15.0	24	3888	8976.0	878	NA
HDPOP	var	15.0	24	3888	5412.0	523	NA
ABC-DPOP	var	15.0	24	512	1299	8.85868	15
BC-DPOP	var	15.0	24	1152	2715	30.415098	15
DPOP	var	15.0	25	1296	7075	155	NA
P-HDPOP	var	15.0	25	1296	6462.0	657	NA
HDPOP	var	15.0	25	432	2430.0	449	NA
ABC-DPOP	var	15.0	25	384	1467	0.353336	15
BC-DPOP	var	15.0	25	1296	6037	4.09794	15
DPOP	var	15.0	26	1296	3625	79	NA
P-HDPOP	var	15.0	26	216	714.0	149	NA
HDPOP	var	15.0	26	72	392.0	110	NA
ABC-DPOP	var	15.0	26	96	335	0.287056	15
BC-DPOP	var	15.0	26	864	1975	0.629902	15
DPOP	var	15.0	27	7776	25405	134	NA
P-HDPOP	var	15.0	27	NA	NA	NA	NA
HDPOP	var	15.0	27	NA	NA	NA	NA
ABC-DPOP	var	15.0	27	2304	5000	10.3953	15
BC-DPOP	var	15.0	27	5184	13518	31.816502	15
DPOP	var	15.0	28	7776	20605	278	NA
P-HDPOP	var	15.0	28	2592	6132.0	623	NA
HDPOP	var	15.0	28	1008	4404.0	547	NA
ABC-DPOP	var	15.0	28	576	1615	1.78576	15
BC-DPOP	var	15.0	28	5184	12527	4.08435	15
DPOP	var	15.0	29	1296	8725	95	NA
P-HDPOP	var	15.0	29	NA	NA	NA	NA
HDPOP	var	15.0	29	NA	NA	NA	NA
ABC-DPOP	var	15.0	29	576	2198	1.89447	15
BC-DPOP	var	15.0	29	1296	5318	4.15444	15
DPOP	var	15.0	30	1296	6025	124	NA
P-HDPOP	var	15.0	30	1296	4722.0	562	NA
HDPOP	var	15.0	30	504	2058.0	339	NA
ABC-DPOP	var	15.0	30	192	809	0.14782	15
BC-DPOP	var	15.0	30	864	4111	0.765085	15
DPOP	var	15.0	31	1296	8305	134	NA
P-HDPOP	var	15.0	31	1296	6822.0	555	NA
HDPOP	var	15.0	31	648	2232.0	332	NA
ABC-DPOP	var	15.0	31	128	637	0.29182398	15
BC-DPOP	var	15.0	31	576	2747	3.98707	15
DPOP	var	15.0	32	1296	3865	133	NA
P-HDPOP	var	15.0	32	1296	2788.0	369	NA
HDPOP	var	15.0	32	216	1184.0	205	NA
ABC-DPOP	var	15.0	32	96	409	0.0638962	15
BC-DPOP	var	15.0	32	864	2183	4.27985	15
DPOP	var	15.0	33	46656	112015	253	NA
P-HDPOP	var	15.0	33	11664	18720.0	3166	NA
HDPOP	var	15.0	33	3888	10008.0	1048	NA
ABC-DPOP	var	15.0	33	4608	6337	40.4196	15
BC-DPOP	var	15.0	33	10368	25623	211.914	15
DPOP	var	15.0	34	1296	4675	167	NA
P-HDPOP	var	15.0	34	3888	9970.0	759	NA
HDPOP	var	15.0	34	648	1978.0	264	NA
ABC-DPOP	var	15.0	34	64	251	0.18954301	15
BC-DPOP	var	15.0	34	864	2395	4.17399	15
DPOP	var	15.0	35	NA	NA	112	NA
P-HDPOP	var	15.0	35	NA	NA	NA	NA
HDPOP	var	15.0	35	NA	NA	NA	NA
ABC-DPOP	var	15.0	35	NA	NA	NA	NA
BC-DPOP	var	15.0	35	864	1192	28.6784	NA
DPOP	var	15.0	36	1296	3865	126	NA
P-HDPOP	var	15.0	36	NA	NA	NA	NA
HDPOP	var	15.0	36	NA	NA	NA	NA
ABC-DPOP	var	15.0	36	48	132	2.85053	15
BC-DPOP	var	15.0	36	48	180	4.32396	15
DPOP	var	15.0	37	NA	NA	133	NA
P-HDPOP	var	15.0	37	NA	NA	NA	NA
HDPOP	var	15.0	37	NA	NA	NA	NA
ABC-DPOP	var	15.0	37	NA	NA	NA	NA
BC-DPOP	var	15.0	37	1728	2998	4.64606	NA
DPOP	var	15.0	38	NA	NA	138	NA
P-HDPOP	var	15.0	38	NA	NA	NA	NA
HDPOP	var	15.0	38	NA	NA	NA	NA
ABC-DPOP	var	15.0	38	NA	NA	NA	NA
BC-DPOP	var	15.0	38	288	744	0.699997	NA
DPOP	var	15.0	39	1296	4915	131	NA
P-HDPOP	var	15.0	39	3888	9432.0	752	NA
HDPOP	var	15.0	39	1296	4242.0	452	NA
ABC-DPOP	var	15.0	39	96	343	0.264168	15
BC-DPOP	var	15.0	39	864	1887	4.5788302	15
DPOP	var	15.0	40	46656	112045	172	NA
P-HDPOP	var	15.0	40	23328	41298.0	16565	NA
HDPOP	var	15.0	40	2592	5898.0	758	NA
ABC-DPOP	var	15.0	40	288	1249	0.308037	15
BC-DPOP	var	15.0	40	10368	23939	34.0514	15
DPOP	var	15.0	41	46656	106105	124	NA
P-HDPOP	var	15.0	41	NA	NA	NA	NA
HDPOP	var	15.0	41	NA	NA	NA	NA
ABC-DPOP	var	15.0	41	4608	7636	9.98783	15
BC-DPOP	var	15.0	41	6912	15212	31.0678	15
DPOP	var	15.0	42	7776	26905	185	NA
P-HDPOP	var	15.0	42	2592	6906.0	781	NA
HDPOP	var	15.0	42	1296	4170.0	566	NA
ABC-DPOP	var	15.0	42	2304	4593	12.9373	15
BC-DPOP	var	15.0	42	5184	17481	30.144001	15
DPOP	var	15.0	43	NA	NA	167	NA
P-HDPOP	var	15.0	43	NA	NA	NA	NA
HDPOP	var	15.0	43	NA	NA	NA	NA
ABC-DPOP	var	15.0	43	NA	NA	NA	NA
BC-DPOP	var	15.0	43	288	472	4.28724	NA
DPOP	var	15.0	44	7776	13765	120	NA
P-HDPOP	var	15.0	44	NA	NA	NA	NA
HDPOP	var	15.0	44	NA	NA	NA	NA
ABC-DPOP	var	15.0	44	48	212	0.386953	15
BC-DPOP	var	15.0	44	288	668	4.17638	15
DPOP	var	15.0	45	7776	18955	145	NA
P-HDPOP	var	15.0	45	1296	6438.0	469	NA
HDPOP	var	15.0	45	1296	4710.0	501	NA
ABC-DPOP	var	15.0	45	576	1795	0.645638	15
BC-DPOP	var	15.0	45	5184	11021	30.0767	15
DPOP	var	15.0	46	46656	75685	110	NA
P-HDPOP	var	15.0	46	7776	16504.0	1338	NA
HDPOP	var	15.0	46	1008	4182.0	491	NA
ABC-DPOP	var	15.0	46	384	1387	0.409365	15
BC-DPOP	var	15.0	46	6912	17913	8.30817	15
DPOP	var	15.0	47	7776	19165	114	NA
P-HDPOP	var	15.0	47	3888	7368.0	583	NA
HDPOP	var	15.0	47	1296	2904.0	319	NA
ABC-DPOP	var	15.0	47	288	855	0.32782602	15
BC-DPOP	var	15.0	47	3456	8601	5.00941	15
DPOP	var	15.0	48	1296	7105	166	NA
P-HDPOP	var	15.0	48	1944	7068.0	608	NA
HDPOP	var	15.0	48	1296	4956.0	488	NA
ABC-DPOP	var	15.0	48	576	1233	2.8846302	15
BC-DPOP	var	15.0	48	864	2375	4.11963	15
DPOP	var	15.0	49	7776	22585	159	NA
P-HDPOP	var	15.0	49	7776	21120.0	1364	NA
HDPOP	var	15.0	49	3888	15072.0	1200	NA
ABC-DPOP	var	15.0	49	3456	9775	13.605801	15
BC-DPOP	var	15.0	49	5184	11989	30.2072	15
DPOP	var	15.0	50	1296	3145	101	NA
P-HDPOP	var	15.0	50	432	1896.0	297	NA
HDPOP	var	15.0	50	432	1520.0	223	NA
ABC-DPOP	var	15.0	50	96	455	0.284195	15
BC-DPOP	var	15.0	50	1296	2685	4.3892903	15
DPOP	var	20.0	1	7776	37165	659	NA
P-HDPOP	var	20.0	1	139968	510132.0	268802	NA
HDPOP	var	20.0	1	139968	479004.0	218764	NA
ABC-DPOP	var	20.0	1	3456	10285	13.981601	20
BC-DPOP	var	20.0	1	5184	23001	30.6418	20
DPOP	var	20.0	2	46656	201685	329	NA
P-HDPOP	var	20.0	2	1944	10716.0	1822	NA
HDPOP	var	20.0	2	1944	8404.0	1064	NA
ABC-DPOP	var	20.0	2	192	971	0.329733	20
BC-DPOP	var	20.0	2	6912	23845	34.2827	20
DPOP	var	20.0	3	1679616	2087545	586	NA
P-HDPOP	var	20.0	3	NA	NA	NA	NA
HDPOP	var	20.0	3	69984	104820.0	99602	NA
ABC-DPOP	var	20.0	3	9216	24359	34.7245	20
BC-DPOP	var	20.0	3	746496	888259	10980.2	20
DPOP	var	20.0	4	46656	252595	319	NA
P-HDPOP	var	20.0	4	5832	17778.0	1249	NA
HDPOP	var	20.0	4	1296	8746.0	687	NA
ABC-DPOP	var	20.0	4	1536	2433	5.0950103	20
BC-DPOP	var	20.0	4	13824	39111	36.7961	20
DPOP	var	20.0	5	46656	110065	404	NA
P-HDPOP	var	20.0	5	NA	NA	NA	NA
HDPOP	var	20.0	5	NA	NA	NA	NA
ABC-DPOP	var	20.0	5	16	28	0.842094	20
BC-DPOP	var	20.0	5	48	150	34.437702	20
DPOP	var	20.0	6	46656	223465	419	NA
P-HDPOP	var	20.0	6	NA	NA	NA	NA
HDPOP	var	20.0	6	NA	NA	NA	NA
ABC-DPOP	var	20.0	6	4608	14379	38.082397	20
BC-DPOP	var	20.0	6	10368	57549	189.843	20
DPOP	var	20.0	7	7776	32125	230	NA
P-HDPOP	var	20.0	7	36288	51096.0	21555	NA
HDPOP	var	20.0	7	12096	19008.0	2618	NA
ABC-DPOP	var	20.0	7	1024	2755	1.37568	20
BC-DPOP	var	20.0	7	5184	16035	28.7106	20
DPOP	var	20.0	8	46656	189985	3180	NA
P-HDPOP	var	20.0	8	NA	NA	NA	NA
HDPOP	var	20.0	8	26784	75492.0	47511	NA
ABC-DPOP	var	20.0	8	6144	14967	5.2578397	20
BC-DPOP	var	20.0	8	31104	99021	203.69	20
DPOP	var	20.0	9	7776	20245	134	NA
P-HDPOP	var	20.0	9	1296	4686.0	531	NA
HDPOP	var	20.0	9	1296	3430.0	520	NA
ABC-DPOP	var	20.0	9	5184	8407	20.7357	20
BC-DPOP	var	20.0	9	7776	16559	30.8862	20
DPOP	var	20.0	10	7776	19885	281	NA
P-HDPOP	var	20.0	10	7776	20484.0	901	NA
HDPOP	var	20.0	10	2592	7668.0	698	NA
ABC-DPOP	var	20.0	10	384	1335	1.2114	20
BC-DPOP	var	20.0	10	3456	9285	29.6412	20
DPOP	var	20.0	11	NA	NA	615	NA
P-HDPOP	var	20.0	11	NA	NA	NA	NA
HDPOP	var	20.0	11	NA	NA	NA	NA
ABC-DPOP	var	20.0	11	NA	NA	NA	NA
BC-DPOP	var	20.0	11	10368	17518	34.4632	NA
DPOP	var	20.0	12	7776	35725	303	NA
P-HDPOP	var	20.0	12	11664	43500.0	5806	NA
HDPOP	var	20.0	12	3888	16716.0	1189	NA
ABC-DPOP	var	20.0	12	1536	4227	1.46246	20
BC-DPOP	var	20.0	12	3456	15489	30.5665	20
DPOP	var	20.0	13	1679616	7390525	2398	NA
P-HDPOP	var	20.0	13	46656	204528.0	97873	NA
HDPOP	var	20.0	13	15552	53616.0	11612	NA
ABC-DPOP	var	20.0	13	98304	364979	494.129	20
BC-DPOP	var	20.0	13	1679616	6155625	11295.9	20
DPOP	var	20.0	14	279936	578605	268	NA
P-HDPOP	var	20.0	14	NA	NA	NA	NA
HDPOP	var	20.0	14	NA	NA	NA	NA
ABC-DPOP	var	20.0	14	36864	81207	68.9065	20
BC-DPOP	var	20.0	14	82944	197925	234.989	20
DPOP	var	20.0	15	7776	44005	142	NA
P-HDPOP	var	20.0	15	NA	NA	NA	NA
HDPOP	var	20.0	15	42336	108544.0	147274	NA
ABC-DPOP	var	20.0	15	768	4057	1.76024	20
BC-DPOP	var	20.0	15	5184	21287	5.06806	20
DPOP	var	20.0	16	NA	NA	131	NA
P-HDPOP	var	20.0	16	NA	NA	NA	NA
HDPOP	var	20.0	16	NA	NA	NA	NA
ABC-DPOP	var	20.0	16	NA	NA	NA	NA
BC-DPOP	var	20.0	16	4608	12606	30.4108	NA
DPOP	var	20.0	17	7776	53725	349	NA
P-HDPOP	var	20.0	17	NA	NA	NA	NA
HDPOP	var	20.0	17	46656	154590.0	60351	NA
ABC-DPOP	var	20.0	17	3456	9773	9.68552	20
BC-DPOP	var	20.0	17	5184	23171	32.908203	20
DPOP	var	20.0	18	1679616	3752905	372	NA
P-HDPOP	var	20.0	18	NA	NA	NA	NA
HDPOP	var	20.0	18	NA	NA	NA	NA
ABC-DPOP	var	20.0	18	36864	56736	173.893	20
BC-DPOP	var	20.0	18	82944	223528	10401.7	20
DPOP	var	20.0	19	7776	21145	236	NA
P-HDPOP	var	20.0	19	93312	241716.0	266212	NA
HDPOP	var	20.0	19	15552	79140.0	14054	NA
ABC-DPOP	var	20.0	19	576	1973	0.673056	20
BC-DPOP	var	20.0	19	3456	8327	29.6824	20
DPOP	var	20.0	20	7776	21505	302	NA
P-HDPOP	var	20.0	20	11664	36210.0	2302	NA
HDPOP	var	20.0	20	3888	15450.0	865	NA
ABC-DPOP	var	20.0	20	576	1129	1.91522	20
BC-DPOP	var	20.0	20	3456	11901	5.06663	20
DPOP	var	20.0	21	46656	122125	347	NA
P-HDPOP	var	20.0	21	139968	161340.0	181609	NA
HDPOP	var	20.0	21	5208	10186.0	1215	NA
ABC-DPOP	var	20.0	21	96	629	0.14662701	20
BC-DPOP	var	20.0	21	6912	20187	35.3324	20
DPOP	var	20.0	22	46656	176845	4883	NA
P-HDPOP	var	20.0	22	NA	NA	NA	NA
HDPOP	var	20.0	22	NA	NA	NA	NA
ABC-DPOP	var	20.0	22	768	1678	1.4655601	20
BC-DPOP	var	20.0	22	10368	34262	203.675	20
DPOP	var	20.0	23	1679616	2367085	543	NA
P-HDPOP	var	20.0	23	NA	NA	NA	NA
HDPOP	var	20.0	23	NA	NA	NA	NA
ABC-DPOP	var	20.0	23	768	3332	13.0935	20
BC-DPOP	var	20.0	23	18432	40676	1374.02	20
DPOP	var	20.0	24	279936	1130845	263	NA
P-HDPOP	var	20.0	24	69984	92580.0	108987	NA
HDPOP	var	20.0	24	1116	4782.0	648	NA
ABC-DPOP	var	20.0	24	8192	16811	18.9924	20
BC-DPOP	var	20.0	24	124416	278969	1473.05	20
DPOP	var	20.0	25	NA	NA	1546	NA
P-HDPOP	var	20.0	25	NA	NA	NA	NA
HDPOP	var	20.0	25	NA	NA	NA	NA
ABC-DPOP	var	20.0	25	NA	NA	NA	NA
BC-DPOP	var	20.0	25	20736	94030	204.332	NA
DPOP	var	20.0	26	7776	22405	389	NA
P-HDPOP	var	20.0	26	NA	NA	NA	NA
HDPOP	var	20.0	26	NA	NA	NA	NA
ABC-DPOP	var	20.0	26	384	1304	1.36995	20
BC-DPOP	var	20.0	26	1296	3806	28.473099	20
DPOP	var	20.0	27	46656	155425	171	NA
P-HDPOP	var	20.0	27	7776	38316.0	3772	NA
HDPOP	var	20.0	27	2592	9276.0	849	NA
ABC-DPOP	var	20.0	27	13824	25823	60.1254	20
BC-DPOP	var	20.0	27	20736	54993	200.641	20
DPOP	var	20.0	28	NA	NA	90	NA
P-HDPOP	var	20.0	28	NA	NA	NA	NA
HDPOP	var	20.0	28	NA	NA	NA	NA
ABC-DPOP	var	20.0	28	NA	NA	NA	NA
BC-DPOP	var	20.0	28	864	2848	4.3775997	NA
DPOP	var	20.0	29	46656	153265	655	NA
P-HDPOP	var	20.0	29	NA	NA	NA	NA
HDPOP	var	20.0	29	NA	NA	NA	NA
ABC-DPOP	var	20.0	29	9216	16105	40.858997	20
BC-DPOP	var	20.0	29	31104	75715	215.728	20
DPOP	var	20.0	30	46656	209425	303	NA
P-HDPOP	var	20.0	30	69984	207528.0	213139	NA
HDPOP	var	20.0	30	9072	39768.0	5416	NA
ABC-DPOP	var	20.0	30	13824	16935	57.4048	20
BC-DPOP	var	20.0	30	20736	37553	224.657	20
DPOP	var	20.0	31	NA	NA	219	NA
P-HDPOP	var	20.0	31	NA	NA	NA	NA
HDPOP	var	20.0	31	NA	NA	NA	NA
ABC-DPOP	var	20.0	31	NA	NA	NA	NA
BC-DPOP	var	20.0	31	20736	28974	210.631	NA
DPOP	var	20.0	32	46656	104485	1178	NA
P-HDPOP	var	20.0	32	7776	22584.0	2210	NA
HDPOP	var	20.0	32	2592	11496.0	971	NA
ABC-DPOP	var	20.0	32	1536	4587	2.44832	20
BC-DPOP	var	20.0	32	5184	18153	34.0195	20
DPOP	var	20.0	33	279936	1091935	3814	NA
P-HDPOP	var	20.0	33	NA	NA	NA	NA
HDPOP	var	20.0	33	NA	NA	NA	NA
ABC-DPOP	var	20.0	33	24576	67719	41.0037	20
BC-DPOP	var	20.0	33	279936	855053	1499.4	20
DPOP	var	20.0	34	279936	430825	1099	NA
P-HDPOP	var	20.0	34	7776	27744.0	3277	NA
HDPOP	var	20.0	34	7776	17340.0	2052	NA
ABC-DPOP	var	20.0	34	4608	24193	21.214201	20
BC-DPOP	var	20.0	34	27648	81355	198.035	20
DPOP	var	20.0	35	46656	103585	299	NA
P-HDPOP	var	20.0	35	46656	139344.0	72089	NA
HDPOP	var	20.0	35	15552	35976.0	7863	NA
ABC-DPOP	var	20.0	35	2304	9275	13.474	20
BC-DPOP	var	20.0	35	13824	39995	35.236797	20
DPOP	var	20.0	36	46656	158845	1486	NA
P-HDPOP	var	20.0	36	46656	157872.0	95523	NA
HDPOP	var	20.0	36	46656	124122.0	42094	NA
ABC-DPOP	var	20.0	36	2304	10847	2.59304	20
BC-DPOP	var	20.0	36	10368	49115	28.7495	20
DPOP	var	20.0	37	1679616	2119765	203	NA
P-HDPOP	var	20.0	37	15552	67800.0	10298	NA
HDPOP	var	20.0	37	5184	25428.0	1767	NA
ABC-DPOP	var	20.0	37	27648	68247	57.3411	20
BC-DPOP	var	20.0	37	746496	982247	1955.9501	20
DPOP	var	20.0	38	1679616	2036755	1385	NA
P-HDPOP	var	20.0	38	NA	NA	NA	NA
HDPOP	var	20.0	38	NA	NA	NA	NA
ABC-DPOP	var	20.0	38	55296	97141	45.6989	20
BC-DPOP	var	20.0	38	746496	1000491	1726.45	20
DPOP	var	20.0	39	NA	NA	719	NA
P-HDPOP	var	20.0	39	NA	NA	NA	NA
HDPOP	var	20.0	39	NA	NA	NA	NA
ABC-DPOP	var	20.0	39	NA	NA	NA	NA
BC-DPOP	var	20.0	39	2304	6004	28.5571	NA
DPOP	var	20.0	40	46656	105745	227	NA
P-HDPOP	var	20.0	40	7776	21144.0	1468	NA
HDPOP	var	20.0	40	2592	10776.0	897	NA
ABC-DPOP	var	20.0	40	576	2371	0.669241	20
BC-DPOP	var	20.0	40	31104	70797	38.477398	20
DPOP	var	20.0	41	279936	1558345	2145	NA
P-HDPOP	var	20.0	41	NA	NA	NA	NA
HDPOP	var	20.0	41	NA	NA	NA	NA
ABC-DPOP	var	20.0	41	2048	7932	24.487299	20
BC-DPOP	var	20.0	41	13824	48340	1487.52	20
DPOP	var	20.0	42	NA	NA	374	NA
P-HDPOP	var	20.0	42	NA	NA	NA	NA
HDPOP	var	20.0	42	NA	NA	NA	NA
ABC-DPOP	var	20.0	42	NA	NA	NA	NA
BC-DPOP	var	20.0	42	62208	75108	1785.47	NA
DPOP	var	20.0	43	279936	1317685	282	NA
P-HDPOP	var	20.0	43	NA	NA	NA	NA
HDPOP	var	20.0	43	10416	26074.0	2103	NA
ABC-DPOP	var	20.0	43	8192	37101	24.1728	20
BC-DPOP	var	20.0	43	124416	358119	1412.5299	20
DPOP	var	20.0	44	7776	19705	93	NA
P-HDPOP	var	20.0	44	31104	44032.0	42800	NA
HDPOP	var	20.0	44	12096	18328.0	6252	NA
ABC-DPOP	var	20.0	44	3456	6851	14.0173	20
BC-DPOP	var	20.0	44	5184	11291	31.2941	20
DPOP	var	20.0	45	46656	131665	214	NA
P-HDPOP	var	20.0	45	NA	NA	NA	NA
HDPOP	var	20.0	45	13392	45060.0	11657	NA
ABC-DPOP	var	20.0	45	9216	17021	9.49287	20
BC-DPOP	var	20.0	45	9216	29195	31.285301	20
DPOP	var	20.0	46	NA	NA	261	NA
P-HDPOP	var	20.0	46	NA	NA	NA	NA
HDPOP	var	20.0	46	NA	NA	NA	NA
ABC-DPOP	var	20.0	46	NA	NA	NA	NA
BC-DPOP	var	20.0	46	288	600	36.130398	NA
DPOP	var	20.0	47	279936	1186645	612	NA
P-HDPOP	var	20.0	47	NA	NA	NA	NA
HDPOP	var	20.0	47	23328	87150.0	20275	NA
ABC-DPOP	var	20.0	47	55296	121631	47.7016	20
BC-DPOP	var	20.0	47	279936	733793	1400.66	20
DPOP	var	20.0	48	46656	74785	311	NA
P-HDPOP	var	20.0	48	46656	306228.0	270737	NA
HDPOP	var	20.0	48	46656	201540.0	204433	NA
ABC-DPOP	var	20.0	48	9216	16893	9.34601	20
BC-DPOP	var	20.0	48	20736	40571	33.2406	20
DPOP	var	20.0	49	7776	18265	264	NA
P-HDPOP	var	20.0	49	93312	308208.0	230273	NA
HDPOP	var	20.0	49	6048	32736.0	3615	NA
ABC-DPOP	var	20.0	49	256	1209	0.24628602	20
BC-DPOP	var	20.0	49	3456	10235	4.87065	20
DPOP	var	20.0	50	1679616	2360965	157	NA
P-HDPOP	var	20.0	50	36288	74400.0	42202	NA
HDPOP	var	20.0	50	4464	12648.0	1704	NA
ABC-DPOP	var	20.0	50	98304	115125	110.115	20
BC-DPOP	var	20.0	50	497664	802531	1561.69	20
DPOP	var	25.0	1	279936	683365	579	NA
P-HDPOP	var	25.0	1	NA	NA	NA	NA
HDPOP	var	25.0	1	NA	NA	NA	NA
ABC-DPOP	var	25.0	1	6144	15121	10.5834	25
BC-DPOP	var	25.0	1	124416	207423	1482.33	25
DPOP	var	25.0	2	279936	1032205	759	NA
P-HDPOP	var	25.0	2	NA	NA	NA	NA
HDPOP	var	25.0	2	NA	NA	NA	NA
ABC-DPOP	var	25.0	2	18432	37774	231.514	25
BC-DPOP	var	25.0	2	41472	162638	1336.73	25
DPOP	var	25.0	3	10077696	47701165	382	NA
P-HDPOP	var	25.0	3	NA	NA	NA	NA
HDPOP	var	25.0	3	NA	NA	NA	NA
ABC-DPOP	var	25.0	3	1990656	5096807	14668.101	25
BC-DPOP	var	25.0	3	4478976	12197951	91976.6	25
DPOP	var	25.0	4	NA	NA	1416	NA
P-HDPOP	var	25.0	4	NA	NA	NA	NA
HDPOP	var	25.0	4	NA	NA	NA	NA
ABC-DPOP	var	25.0	4	NA	NA	NA	NA
BC-DPOP	var	25.0	4	13824	33616	34.240498	NA
DPOP	var	25.0	5	1679616	4363105	8702	NA
P-HDPOP	var	25.0	5	NA	NA	NA	NA
HDPOP	var	25.0	5	46656	179526.0	188212	NA
ABC-DPOP	var	25.0	5	27648	135171	377.142	25
BC-DPOP	var	25.0	5	248832	757151	1407.11	25
DPOP	var	25.0	6	NA	NA	267	NA
P-HDPOP	var	25.0	6	NA	NA	NA	NA
HDPOP	var	25.0	6	NA	NA	NA	NA
ABC-DPOP	var	25.0	6	NA	NA	NA	NA
BC-DPOP	var	25.0	6	9216	13924	35.222797	NA
DPOP	var	25.0	7	279936	596935	501	NA
P-HDPOP	var	25.0	7	46656	211746.0	99936	NA
HDPOP	var	25.0	7	46656	163578.0	70888	NA
ABC-DPOP	var	25.0	7	3072	15255	38.2831	25
BC-DPOP	var	25.0	7	18432	52529	213.888	25
DPOP	var	25.0	8	46656	310585	2557	NA
P-HDPOP	var	25.0	8	NA	NA	NA	NA
HDPOP	var	25.0	8	NA	NA	NA	NA
ABC-DPOP	var	25.0	8	96	188	8.89206	25
BC-DPOP	var	25.0	8	576	1468	196.579	25
DPOP	var	25.0	9	1679616	7950325	1101	NA
P-HDPOP	var	25.0	9	NA	NA	NA	NA
HDPOP	var	25.0	9	NA	NA	NA	NA
ABC-DPOP	var	25.0	9	221184	800101	1208.64	25
BC-DPOP	var	25.0	9	1119744	4157975	11387.5	25
DPOP	var	25.0	10	NA	NA	9153	NA
P-HDPOP	var	25.0	10	NA	NA	NA	NA
HDPOP	var	25.0	10	NA	NA	NA	NA
ABC-DPOP	var	25.0	10	NA	NA	NA	NA
BC-DPOP	var	25.0	10	373248	427032	1495.61	NA
DPOP	var	25.0	11	46656	124435	3977	NA
P-HDPOP	var	25.0	11	46656	112638.0	103281	NA
HDPOP	var	25.0	11	46656	78730.0	49521	NA
ABC-DPOP	var	25.0	11	9216	17943	10.0102	25
BC-DPOP	var	25.0	11	20736	53455	33.322598	25
DPOP	var	25.0	12	1679616	2106985	356	NA
P-HDPOP	var	25.0	12	NA	NA	NA	NA
HDPOP	var	25.0	12	NA	NA	NA	NA
ABC-DPOP	var	25.0	12	9216	29275	19.2349	25
BC-DPOP	var	25.0	12	746496	952913	1757.45	25
DPOP	var	25.0	13	1679616	2739685	15049	NA
P-HDPOP	var	25.0	13	NA	NA	NA	NA
HDPOP	var	25.0	13	46656	339420.0	281243	NA
ABC-DPOP	var	25.0	13	36864	69497	165.184	25
BC-DPOP	var	25.0	13	1119744	2012401	1448.16	25
DPOP	var	25.0	14	1679616	4335925	16312	NA
P-HDPOP	var	25.0	14	NA	NA	NA	NA
HDPOP	var	25.0	14	NA	NA	NA	NA
ABC-DPOP	var	25.0	14	36864	122653	156.914	25
BC-DPOP	var	25.0	14	331776	1045147	1513.22	25
DPOP	var	25.0	15	1679616	4786645	918	NA
P-HDPOP	var	25.0	15	46656	318948.0	153848	NA
HDPOP	var	25.0	15	46656	188220.0	76173	NA
ABC-DPOP	var	25.0	15	221184	396487	258.273	25
BC-DPOP	var	25.0	15	497664	1391233	10661.399	25
DPOP	var	25.0	16	46656	255835	804	NA
P-HDPOP	var	25.0	16	NA	NA	NA	NA
HDPOP	var	25.0	16	NA	NA	NA	NA
ABC-DPOP	var	25.0	16	288	826	3.82781	25
BC-DPOP	var	25.0	16	10368	32530	35.5339	25
DPOP	var	25.0	17	10077696	24146545	6273	NA
P-HDPOP	var	25.0	17	NA	NA	NA	NA
HDPOP	var	25.0	17	NA	NA	NA	NA
ABC-DPOP	var	25.0	17	884736	1252107	5530.64	25
BC-DPOP	var	25.0	17	6718464	12302045	96735.1	25
DPOP	var	25.0	18	60466176	203635345	688	NA
P-HDPOP	var	25.0	18	NA	NA	NA	NA
HDPOP	var	25.0	18	20088	154920.0	42734	NA
ABC-DPOP	var	25.0	18	2359296	3534947	18050.3	25
BC-DPOP	var	25.0	18	NA	NA	NA	25
DPOP	var	25.0	19	60466176	74303545	13317	NA
P-HDPOP	var	25.0	19	NA	NA	NA	NA
HDPOP	var	25.0	19	NA	NA	NA	NA
ABC-DPOP	var	25.0	19	16384	19004	7.4985	25
BC-DPOP	var	25.0	19	NA	NA	NA	25
DPOP	var	25.0	20	46656	376645	2641	NA
P-HDPOP	var	25.0	20	NA	NA	NA	NA
HDPOP	var	25.0	20	NA	NA	NA	NA
ABC-DPOP	var	25.0	20	9216	30921	39.9711	25
BC-DPOP	var	25.0	20	46656	205387	212.878	25
DPOP	var	25.0	21	NA	NA	348	NA
P-HDPOP	var	25.0	21	NA	NA	NA	NA
HDPOP	var	25.0	21	NA	NA	NA	NA
ABC-DPOP	var	25.0	21	NA	NA	NA	NA
BC-DPOP	var	25.0	21	27648	95538	214.617	NA
DPOP	var	25.0	22	10077696	27841225	1499	NA
P-HDPOP	var	25.0	22	NA	NA	NA	NA
HDPOP	var	25.0	22	62496	171564.0	197968	NA
ABC-DPOP	var	25.0	22	393216	802187	555.813	25
BC-DPOP	var	25.0	22	4478976	12340529	92364.305	25
DPOP	var	25.0	23	1679616	4588615	22888	NA
P-HDPOP	var	25.0	23	NA	NA	NA	NA
HDPOP	var	25.0	23	NA	NA	NA	NA
ABC-DPOP	var	25.0	23	18432	78659	20.5162	25
BC-DPOP	var	25.0	23	497664	1341461	2122.54	25
DPOP	var	25.0	24	1679616	2176975	2379	NA
P-HDPOP	var	25.0	24	NA	NA	NA	NA
HDPOP	var	25.0	24	NA	NA	NA	NA
ABC-DPOP	var	25.0	24	9216	22162	11.9519005	25
BC-DPOP	var	25.0	24	746496	949106	1795.4	25
DPOP	var	25.0	25	60466176	74301025	6620	NA
P-HDPOP	var	25.0	25	NA	NA	NA	NA
HDPOP	var	25.0	25	NA	NA	NA	NA
ABC-DPOP	var	25.0	25	2048	4548	10.521199	25
BC-DPOP	var	25.0	25	663552	922004	107195.0	25
DPOP	var	25.0	26	46656	274015	53788	NA
P-HDPOP	var	25.0	26	NA	NA	NA	NA
HDPOP	var	25.0	26	NA	NA	NA	NA
ABC-DPOP	var	25.0	26	13824	25448	58.3911	25
BC-DPOP	var	25.0	26	31104	111196	195.96199	25
DPOP	var	25.0	27	10077696	24196225	17336	NA
P-HDPOP	var	25.0	27	139968	448230.0	278064	NA
HDPOP	var	25.0	27	46656	239832.0	77624	NA
ABC-DPOP	var	25.0	27	589824	1048875	796.12305	25
BC-DPOP	var	25.0	27	2985984	7721609	11857.0	25
DPOP	var	25.0	28	279936	1885405	2175	NA
P-HDPOP	var	25.0	28	NA	NA	NA	NA
HDPOP	var	25.0	28	NA	NA	NA	NA
ABC-DPOP	var	25.0	28	6144	36040	20.3593	25
BC-DPOP	var	25.0	28	41472	181120	1406.7301	25
DPOP	var	25.0	29	1679616	4545265	7560	NA
P-HDPOP	var	25.0	29	NA	NA	NA	NA
HDPOP	var	25.0	29	NA	NA	NA	NA
ABC-DPOP	var	25.0	29	8192	22796	39.3028	25
BC-DPOP	var	25.0	29	36864	160012	1407.7	25
DPOP	var	25.0	30	1679616	6826945	4208	NA
P-HDPOP	var	25.0	30	NA	NA	NA	NA
HDPOP	var	25.0	30	NA	NA	NA	NA
ABC-DPOP	var	25.0	30	73728	290932	755.489	25
BC-DPOP	var	25.0	30	373248	1225108	11232.899	25
DPOP	var	25.0	31	10077696	28954705	419	NA
P-HDPOP	var	25.0	31	NA	NA	NA	NA
HDPOP	var	25.0	31	NA	NA	NA	NA
ABC-DPOP	var	25.0	31	294912	537979	1209.13	25
BC-DPOP	var	25.0	31	995328	3538259	11405.8	25
DPOP	var	25.0	32	10077696	24695005	18441	NA
P-HDPOP	var	25.0	32	NA	NA	NA	NA
HDPOP	var	25.0	32	NA	NA	NA	NA
ABC-DPOP	var	25.0	32	165888	527236	1740.91	25
BC-DPOP	var	25.0	32	1492992	3168012	15288.399	25
DPOP	var	25.0	33	10077696	22243405	948	NA
P-HDPOP	var	25.0	33	NA	NA	NA	NA
HDPOP	var	25.0	33	NA	NA	NA	NA
ABC-DPOP	var	25.0	33	12288	38619	48.7962	25
BC-DPOP	var	25.0	33	2985984	5611529	85002.7	25
DPOP	var	25.0	34	46656	144625	6697	NA
P-HDPOP	var	25.0	34	NA	NA	NA	NA
HDPOP	var	25.0	34	NA	NA	NA	NA
ABC-DPOP	var	25.0	34	1536	4094	5.8763	25
BC-DPOP	var	25.0	34	10368	21266	207.78499	25
DPOP	var	25.0	35	10077696	12275185	964	NA
P-HDPOP	var	25.0	35	NA	NA	NA	NA
HDPOP	var	25.0	35	NA	NA	NA	NA
ABC-DPOP	var	25.0	35	331776	637815	264.21698	25
BC-DPOP	var	25.0	35	6718464	8313573	14440.2	25
DPOP	var	25.0	36	10077696	35944645	95744	NA
P-HDPOP	var	25.0	36	NA	NA	NA	NA
HDPOP	var	25.0	36	NA	NA	NA	NA
ABC-DPOP	var	25.0	36	96	134	1533.77	25
BC-DPOP	var	25.0	36	144	206	11920.5	25
DPOP	var	25.0	37	10077696	25590325	1247	NA
P-HDPOP	var	25.0	37	NA	NA	NA	NA
HDPOP	var	25.0	37	46656	166416.0	148438	NA
ABC-DPOP	var	25.0	37	294912	670549	1597.0499	25
BC-DPOP	var	25.0	37	2985984	6400327	12074.899	25
DPOP	var	25.0	38	1679616	4919305	14730	NA
P-HDPOP	var	25.0	38	NA	NA	NA	NA
HDPOP	var	25.0	38	NA	NA	NA	NA
ABC-DPOP	var	25.0	38	18432	78471	112.929	25
BC-DPOP	var	25.0	38	248832	931053	10737.2	25
DPOP	var	25.0	39	46656	161545	5632	NA
P-HDPOP	var	25.0	39	NA	NA	NA	NA
HDPOP	var	25.0	39	NA	NA	NA	NA
ABC-DPOP	var	25.0	39	3072	13294	15.4157	25
BC-DPOP	var	25.0	39	13824	37934	209.429	25
DPOP	var	25.0	40	279936	1488505	2246	NA
P-HDPOP	var	25.0	40	NA	NA	NA	NA
HDPOP	var	25.0	40	NA	NA	NA	NA
ABC-DPOP	var	25.0	40	32	36	39.751102	25
BC-DPOP	var	25.0	40	6912	7396	1491.36	25
DPOP	var	25.0	41	60466176	82749475	1739	NA
P-HDPOP	var	25.0	41	NA	NA	NA	NA
HDPOP	var	25.0	41	80352	199848.0	284393	NA
ABC-DPOP	var	25.0	41	589824	1077159	1693.68	25
BC-DPOP	var	25.0	41	11943936	17522245	106364.0	25
DPOP	var	25.0	42	10077696	32601685	19810	NA
P-HDPOP	var	25.0	42	NA	NA	NA	NA
HDPOP	var	25.0	42	NA	NA	NA	NA
ABC-DPOP	var	25.0	42	18432	37743	241.79	25
BC-DPOP	var	25.0	42	663552	1439981	85217.5	25
DPOP	var	25.0	43	46656	65785	1452	NA
P-HDPOP	var	25.0	43	23328	90246.0	26260	NA
HDPOP	var	25.0	43	7776	20928.0	1241	NA
ABC-DPOP	var	25.0	43	384	2227	0.859499	25
BC-DPOP	var	25.0	43	6912	13691	33.610104	25
DPOP	var	25.0	44	1679616	9070825	695	NA
P-HDPOP	var	25.0	44	NA	NA	NA	NA
HDPOP	var	25.0	44	NA	NA	NA	NA
ABC-DPOP	var	25.0	44	16384	49687	69.2508	25
BC-DPOP	var	25.0	44	373248	1088529	11061.7	25
DPOP	var	25.0	45	1679616	5417005	405	NA
P-HDPOP	var	25.0	45	NA	NA	NA	NA
HDPOP	var	25.0	45	15552	35484.0	3849	NA
ABC-DPOP	var	25.0	45	8192	29785	192.68199	25
BC-DPOP	var	25.0	45	82944	169907	11632.5	25
DPOP	var	25.0	46	1679616	5152225	71957	NA
P-HDPOP	var	25.0	46	NA	NA	NA	NA
HDPOP	var	25.0	46	NA	NA	NA	NA
ABC-DPOP	var	25.0	46	13824	46494	247.47	25
BC-DPOP	var	25.0	46	36864	98334	1405.1	25
DPOP	var	25.0	47	10077696	26147785	883	NA
P-HDPOP	var	25.0	47	17496	103854.0	20093	NA
HDPOP	var	25.0	47	5832	40206.0	4452	NA
ABC-DPOP	var	25.0	47	98304	215669	746.748	25
BC-DPOP	var	25.0	47	995328	4010391	11597.5	25
DPOP	var	25.0	48	1679616	3472825	2290	NA
P-HDPOP	var	25.0	48	NA	NA	NA	NA
HDPOP	var	25.0	48	NA	NA	NA	NA
ABC-DPOP	var	25.0	48	6912	11074	143.882	25
BC-DPOP	var	25.0	48	6912	11260	1404.77	25
DPOP	var	25.0	49	10077696	54466645	20281	NA
P-HDPOP	var	25.0	49	NA	NA	NA	NA
HDPOP	var	25.0	49	NA	NA	NA	NA
ABC-DPOP	var	25.0	49	884736	1335499	5639.6396	25
BC-DPOP	var	25.0	49	2985984	14167725	95391.8	25
DPOP	var	25.0	50	NA	NA	368	NA
P-HDPOP	var	25.0	50	NA	NA	NA	NA
HDPOP	var	25.0	50	NA	NA	NA	NA
ABC-DPOP	var	25.0	50	NA	NA	NA	NA
BC-DPOP	var	25.0	50	288	1698	195.654	NA
DPOP	var	30.0	1	279936	1471945	1808	NA
P-HDPOP	var	30.0	1	NA	NA	NA	NA
HDPOP	var	30.0	1	NA	NA	NA	NA
ABC-DPOP	var	30.0	1	1536	5252	5.2502203	30
BC-DPOP	var	30.0	1	41472	149796	207.81299	30
DPOP	var	30.0	2	60466176	281999965	1001	NA
P-HDPOP	var	30.0	2	NA	NA	NA	NA
HDPOP	var	30.0	2	NA	NA	NA	NA
ABC-DPOP	var	30.0	2	1769472	4345213	27996.9	30
BC-DPOP	var	30.0	2	NA	NA	NA	30
DPOP	var	30.0	3	NA	NA	2137	NA
P-HDPOP	var	30.0	3	NA	NA	NA	NA
HDPOP	var	30.0	3	NA	NA	NA	NA
ABC-DPOP	var	30.0	3	NA	NA	NA	NA
BC-DPOP	var	30.0	3	331776	634350	88812.5	NA
DPOP	var	30.0	4	10077696	47695555	490	NA
P-HDPOP	var	30.0	4	15552	57114.0	5322	NA
HDPOP	var	30.0	4	6048	22266.0	1645	NA
ABC-DPOP	var	30.0	4	294912	720243	742.034	30
BC-DPOP	var	30.0	4	1492992	7388265	15129.6	30
DPOP	var	30.0	5	362797056	449412745	NA	NA
P-HDPOP	var	30.0	5	NA	NA	NA	NA
HDPOP	var	30.0	5	NA	NA	NA	NA
ABC-DPOP	var	30.0	5	21233664	27396439	49237.3	30
BC-DPOP	var	30.0	5	NA	NA	NA	30
DPOP	var	30.0	6	NA	NA	8892	NA
P-HDPOP	var	30.0	6	NA	NA	NA	NA
HDPOP	var	30.0	6	NA	NA	NA	NA
ABC-DPOP	var	30.0	6	NA	NA	NA	NA
BC-DPOP	var	30.0	6	248832	406878	1732.38	NA
DPOP	var	30.0	7	60466176	81056215	NA	NA
P-HDPOP	var	30.0	7	NA	NA	NA	NA
HDPOP	var	30.0	7	NA	NA	NA	NA
ABC-DPOP	var	30.0	7	884736	1710453	1746.0	30
BC-DPOP	var	30.0	7	26873856	38151159	115341.0	30
DPOP	var	30.0	8	362797056	1352470015	4176	NA
P-HDPOP	var	30.0	8	NA	NA	NA	NA
HDPOP	var	30.0	8	46656	262602.0	162994	NA
ABC-DPOP	var	30.0	8	9437184	28339269	35891.7	30
BC-DPOP	var	30.0	8	NA	NA	NA	30
DPOP	var	30.0	9	2176782336	5256470425	13106	NA
P-HDPOP	var	30.0	9	NA	NA	NA	NA
HDPOP	var	30.0	9	NA	NA	NA	NA
ABC-DPOP	var	30.0	9	21233664	26082225	217664.0	30
BC-DPOP	var	30.0	9	NA	NA	NA	30
DPOP	var	30.0	10	NA	NA	NA	NA
P-HDPOP	var	30.0	10	NA	NA	NA	NA
HDPOP	var	30.0	10	NA	NA	NA	NA
ABC-DPOP	var	30.0	10	NA	NA	NA	NA
BC-DPOP	var	30.0	10	NA	NA	NA	NA
DPOP	var	30.0	11	1679616	19132285	77169	NA
P-HDPOP	var	30.0	11	NA	NA	NA	NA
HDPOP	var	30.0	11	NA	NA	NA	NA
ABC-DPOP	var	30.0	11	24576	139439	91.507706	30
BC-DPOP	var	30.0	11	373248	1750049	11358.9	30
DPOP	var	30.0	12	NA	NA	22207	NA
P-HDPOP	var	30.0	12	NA	NA	NA	NA
HDPOP	var	30.0	12	NA	NA	NA	NA
ABC-DPOP	var	30.0	12	NA	NA	NA	NA
BC-DPOP	var	30.0	12	NA	NA	NA	NA
DPOP	var	30.0	13	1679616	7659055	1489	NA
P-HDPOP	var	30.0	13	NA	NA	NA	NA
HDPOP	var	30.0	13	NA	NA	NA	NA
ABC-DPOP	var	30.0	13	147456	432903	290.72202	30
BC-DPOP	var	30.0	13	1119744	4128353	11126.5	30
DPOP	var	30.0	14	1679616	7533085	18908	NA
P-HDPOP	var	30.0	14	NA	NA	NA	NA
HDPOP	var	30.0	14	NA	NA	NA	NA
ABC-DPOP	var	30.0	14	98304	336899	174.852	30
BC-DPOP	var	30.0	14	497664	1864065	11334.3	30
DPOP	var	30.0	15	60466176	104709145	18420	NA
P-HDPOP	var	30.0	15	NA	NA	NA	NA
HDPOP	var	30.0	15	NA	NA	NA	NA
ABC-DPOP	var	30.0	15	589824	1219747	5833.55	30
BC-DPOP	var	30.0	15	NA	NA	NA	30
DPOP	var	30.0	16	60466176	146798905	NA	NA
P-HDPOP	var	30.0	16	NA	NA	NA	NA
HDPOP	var	30.0	16	NA	NA	NA	NA
ABC-DPOP	var	30.0	16	147456	611380	2665.0	30
BC-DPOP	var	30.0	16	NA	NA	NA	30
DPOP	var	30.0	17	362797056	878852065	NA	NA
P-HDPOP	var	30.0	17	NA	NA	NA	NA
HDPOP	var	30.0	17	NA	NA	NA	NA
ABC-DPOP	var	30.0	17	10616832	23029427	48577.0	30
BC-DPOP	var	30.0	17	NA	NA	NA	30
DPOP	var	30.0	18	362797056	499527085	210481	NA
P-HDPOP	var	30.0	18	NA	NA	NA	NA
HDPOP	var	30.0	18	NA	NA	NA	NA
ABC-DPOP	var	30.0	18	3145728	3519700	16167.999	30
BC-DPOP	var	30.0	18	NA	NA	NA	30
DPOP	var	30.0	19	362797056	528443905	3886	NA
P-HDPOP	var	30.0	19	NA	NA	NA	NA
HDPOP	var	30.0	19	NA	NA	NA	NA
ABC-DPOP	var	30.0	19	262144	615479	832.523	30
BC-DPOP	var	30.0	19	NA	NA	NA	30
DPOP	var	30.0	20	362797056	811990345	NA	NA
P-HDPOP	var	30.0	20	NA	NA	NA	NA
HDPOP	var	30.0	20	NA	NA	NA	NA
ABC-DPOP	var	30.0	20	884736	2642251	4365.3896	30
BC-DPOP	var	30.0	20	NA	NA	NA	30
DPOP	var	30.0	21	46656	156145	1562	NA
P-HDPOP	var	30.0	21	NA	NA	NA	NA
HDPOP	var	30.0	21	NA	NA	NA	NA
ABC-DPOP	var	30.0	21	864	1254	58.0781	30
BC-DPOP	var	30.0	21	1728	4934	193.47	30
DPOP	var	30.0	22	60466176	104853865	942	NA
P-HDPOP	var	30.0	22	NA	NA	NA	NA
HDPOP	var	30.0	22	NA	NA	NA	NA
ABC-DPOP	var	30.0	22	442368	1559139	1421.6599	30
BC-DPOP	var	30.0	22	NA	NA	NA	30
DPOP	var	30.0	23	NA	NA	NA	NA
P-HDPOP	var	30.0	23	NA	NA	NA	NA
HDPOP	var	30.0	23	NA	NA	NA	NA
ABC-DPOP	var	30.0	23	NA	NA	NA	NA
BC-DPOP	var	30.0	23	1327104	2707294	85604.4	NA
DPOP	var	30.0	24	362797056	435702685	15392	NA
P-HDPOP	var	30.0	24	NA	NA	NA	NA
HDPOP	var	30.0	24	NA	NA	NA	NA
ABC-DPOP	var	30.0	24	294912	624283	2154.0999	30
BC-DPOP	var	30.0	24	NA	NA	NA	30
DPOP	var	30.0	25	1679616	6124555	53848	NA
P-HDPOP	var	30.0	25	46656	206910.0	70791	NA
HDPOP	var	30.0	25	7776	77742.0	6302	NA
ABC-DPOP	var	30.0	25	147456	353097	743.541	30
BC-DPOP	var	30.0	25	1119744	3555635	11373.0	30
DPOP	var	30.0	26	60466176	217313005	63552	NA
P-HDPOP	var	30.0	26	NA	NA	NA	NA
HDPOP	var	30.0	26	NA	NA	NA	NA
ABC-DPOP	var	30.0	26	36864	149750	244.55801	30
BC-DPOP	var	30.0	26	NA	NA	NA	30
DPOP	var	30.0	27	10077696	25707325	2137	NA
P-HDPOP	var	30.0	27	NA	NA	NA	NA
HDPOP	var	30.0	27	NA	NA	NA	NA
ABC-DPOP	var	30.0	27	884736	1177036	8561.59	30
BC-DPOP	var	30.0	27	4478976	6899884	86609.805	30
DPOP	var	30.0	28	NA	NA	3473	NA
P-HDPOP	var	30.0	28	NA	NA	NA	NA
HDPOP	var	30.0	28	NA	NA	NA	NA
ABC-DPOP	var	30.0	28	NA	NA	NA	NA
BC-DPOP	var	30.0	28	864	3220	1407.3	NA
DPOP	var	30.0	29	60466176	112085725	NA	NA
P-HDPOP	var	30.0	29	NA	NA	NA	NA
HDPOP	var	30.0	29	NA	NA	NA	NA
ABC-DPOP	var	30.0	29	884736	3061717	5446.8296	30
BC-DPOP	var	30.0	29	NA	NA	NA	30
DPOP	var	30.0	30	10077696	27269905	NA	NA
P-HDPOP	var	30.0	30	NA	NA	NA	NA
HDPOP	var	30.0	30	NA	NA	NA	NA
ABC-DPOP	var	30.0	30	18432	20476	358.52103	30
BC-DPOP	var	30.0	30	331776	371620	79495.2	30
DPOP	var	30.0	31	362797056	476285305	NA	NA
P-HDPOP	var	30.0	31	NA	NA	NA	NA
HDPOP	var	30.0	31	NA	NA	NA	NA
ABC-DPOP	var	30.0	31	196608	305821	2196.5498	30
BC-DPOP	var	30.0	31	NA	NA	NA	30
DPOP	var	30.0	32	NA	NA	6493	NA
P-HDPOP	var	30.0	32	NA	NA	NA	NA
HDPOP	var	30.0	32	NA	NA	NA	NA
ABC-DPOP	var	30.0	32	NA	NA	NA	NA
BC-DPOP	var	30.0	32	27648	103586	1798.79	NA
DPOP	var	30.0	33	60466176	209225965	NA	NA
P-HDPOP	var	30.0	33	NA	NA	NA	NA
HDPOP	var	30.0	33	NA	NA	NA	NA
ABC-DPOP	var	30.0	33	589824	869263	3610.98	30
BC-DPOP	var	30.0	33	NA	NA	NA	30
DPOP	var	30.0	34	NA	NA	46104	NA
P-HDPOP	var	30.0	34	NA	NA	NA	NA
HDPOP	var	30.0	34	NA	NA	NA	NA
ABC-DPOP	var	30.0	34	NA	NA	NA	NA
BC-DPOP	var	30.0	34	20736	23964	9503.74	NA
DPOP	var	30.0	35	10077696	20830765	67756	NA
P-HDPOP	var	30.0	35	NA	NA	NA	NA
HDPOP	var	30.0	35	NA	NA	NA	NA
ABC-DPOP	var	30.0	35	331776	689230	1811.75	30
BC-DPOP	var	30.0	35	1679616	7515498	11361.101	30
DPOP	var	30.0	36	10077696	28116415	6484	NA
P-HDPOP	var	30.0	36	NA	NA	NA	NA
HDPOP	var	30.0	36	NA	NA	NA	NA
ABC-DPOP	var	30.0	36	147456	310745	207.41699	30
BC-DPOP	var	30.0	36	2985984	10143951	11256.1	30
DPOP	var	30.0	37	362797056	509706265	NA	NA
P-HDPOP	var	30.0	37	NA	NA	NA	NA
HDPOP	var	30.0	37	NA	NA	NA	NA
ABC-DPOP	var	30.0	37	1179648	2405583	4694.42	30
BC-DPOP	var	30.0	37	NA	NA	NA	30
DPOP	var	30.0	38	60466176	150157675	NA	NA
P-HDPOP	var	30.0	38	NA	NA	NA	NA
HDPOP	var	30.0	38	NA	NA	NA	NA
ABC-DPOP	var	30.0	38	663552	4145277	10313.6	30
BC-DPOP	var	30.0	38	NA	NA	NA	30
DPOP	var	30.0	39	1679616	10470865	831	NA
P-HDPOP	var	30.0	39	23328	159900.0	27140	NA
HDPOP	var	30.0	39	7776	38668.0	3281	NA
ABC-DPOP	var	30.0	39	147456	272291	747.115	30
BC-DPOP	var	30.0	39	1119744	3003625	11553.5	30
DPOP	var	30.0	40	362797056	870986605	NA	NA
P-HDPOP	var	30.0	40	NA	NA	NA	NA
HDPOP	var	30.0	40	NA	NA	NA	NA
ABC-DPOP	var	30.0	40	2359296	3782771	3634.1902	30
BC-DPOP	var	30.0	40	NA	NA	NA	30
DPOP	var	30.0	41	1679616	15360925	28571	NA
P-HDPOP	var	30.0	41	NA	NA	NA	NA
HDPOP	var	30.0	41	NA	NA	NA	NA
ABC-DPOP	var	30.0	41	73728	494751	377.46	30
BC-DPOP	var	30.0	41	248832	2173653	11343.899	30
DPOP	var	30.0	42	279936	779665	11740	NA
P-HDPOP	var	30.0	42	NA	NA	NA	NA
HDPOP	var	30.0	42	NA	NA	NA	NA
ABC-DPOP	var	30.0	42	9216	29765	10.5932	30
BC-DPOP	var	30.0	42	55296	158723	1310.97	30
DPOP	var	30.0	43	60466176	285920005	NA	NA
P-HDPOP	var	30.0	43	NA	NA	NA	NA
HDPOP	var	30.0	43	NA	NA	NA	NA
ABC-DPOP	var	30.0	43	589824	2075735	820.87305	30
BC-DPOP	var	30.0	43	NA	NA	NA	30
DPOP	var	30.0	44	10077696	26372605	6531	NA
P-HDPOP	var	30.0	44	NA	NA	NA	NA
HDPOP	var	30.0	44	NA	NA	NA	NA
ABC-DPOP	var	30.0	44	442368	1105531	1194.91	30
BC-DPOP	var	30.0	44	2985984	5327277	11273.3	30
DPOP	var	30.0	45	362797056	1060511305	1378	NA
P-HDPOP	var	30.0	45	NA	NA	NA	NA
HDPOP	var	30.0	45	NA	NA	NA	NA
ABC-DPOP	var	30.0	45	9437184	14846521	26280.898	30
BC-DPOP	var	30.0	45	NA	NA	NA	30
DPOP	var	30.0	46	1679616	10248385	2407	NA
P-HDPOP	var	30.0	46	NA	NA	NA	NA
HDPOP	var	30.0	46	NA	NA	NA	NA
ABC-DPOP	var	30.0	46	221184	499773	290.849	30
BC-DPOP	var	30.0	46	497664	2271099	10484.9	30
DPOP	var	30.0	47	60466176	349985785	9032	NA
P-HDPOP	var	30.0	47	NA	NA	NA	NA
HDPOP	var	30.0	47	NA	NA	NA	NA
ABC-DPOP	var	30.0	47	3538944	8632539	4258.22	30
BC-DPOP	var	30.0	47	NA	NA	NA	30
DPOP	var	30.0	48	60466176	198590275	12814	NA
P-HDPOP	var	30.0	48	NA	NA	NA	NA
HDPOP	var	30.0	48	NA	NA	NA	NA
ABC-DPOP	var	30.0	48	1179648	1247778	1556.85	30
BC-DPOP	var	30.0	48	NA	NA	NA	30
DPOP	var	30.0	49	NA	NA	183221	NA
P-HDPOP	var	30.0	49	NA	NA	NA	NA
HDPOP	var	30.0	49	NA	NA	NA	NA
ABC-DPOP	var	30.0	49	NA	NA	NA	NA
BC-DPOP	var	30.0	49	663552	1467100	81778.9	NA
DPOP	var	30.0	50	10077696	52985785	50134	NA
P-HDPOP	var	30.0	50	NA	NA	NA	NA
HDPOP	var	30.0	50	NA	NA	NA	NA
ABC-DPOP	var	30.0	50	110592	511697	180.472	30
BC-DPOP	var	30.0	50	4478976	23689907	15281.101	30
DPOP	var	35.0	1	60466176	236193745	NA	NA
P-HDPOP	var	35.0	1	NA	NA	NA	NA
HDPOP	var	35.0	1	NA	NA	NA	NA
ABC-DPOP	var	35.0	1	294912	1290685	1267.7999	35
BC-DPOP	var	35.0	1	NA	NA	NA	35
DPOP	var	35.0	2	NA	NA	NA	NA
P-HDPOP	var	35.0	2	NA	NA	NA	NA
HDPOP	var	35.0	2	NA	NA	NA	NA
ABC-DPOP	var	35.0	2	NA	NA	NA	NA
BC-DPOP	var	35.0	2	NA	NA	NA	NA
DPOP	var	35.0	3	2176782336	2653356685	4312	NA
P-HDPOP	var	35.0	3	NA	NA	NA	NA
HDPOP	var	35.0	3	NA	NA	NA	NA
ABC-DPOP	var	35.0	3	294912	539855	3338.5898	35
BC-DPOP	var	35.0	3	NA	NA	NA	35
DPOP	var	35.0	4	2176782336	5879351785	NA	NA
P-HDPOP	var	35.0	4	NA	NA	NA	NA
HDPOP	var	35.0	4	NA	NA	NA	NA
ABC-DPOP	var	35.0	4	4194304	8170717	47503.0	35
BC-DPOP	var	35.0	4	NA	NA	NA	35
DPOP	var	35.0	5	NA	NA	NA	NA
P-HDPOP	var	35.0	5	NA	NA	NA	NA
HDPOP	var	35.0	5	NA	NA	NA	NA
ABC-DPOP	var	35.0	5	NA	NA	NA	NA
BC-DPOP	var	35.0	5	NA	NA	NA	NA
DPOP	var	35.0	6	NA	NA	NA	NA
P-HDPOP	var	35.0	6	NA	NA	NA	NA
HDPOP	var	35.0	6	NA	NA	NA	NA
ABC-DPOP	var	35.0	6	NA	NA	NA	NA
BC-DPOP	var	35.0	6	NA	NA	NA	NA
DPOP	var	35.0	7	10077696	21948565	NA	NA
P-HDPOP	var	35.0	7	NA	NA	NA	NA
HDPOP	var	35.0	7	NA	NA	NA	NA
ABC-DPOP	var	35.0	7	147456	570718	385.094	35
BC-DPOP	var	35.0	7	746496	3181418	11746.7	35
DPOP	var	35.0	8	362797056	2463003805	NA	NA
P-HDPOP	var	35.0	8	NA	NA	NA	NA
HDPOP	var	35.0	8	NA	NA	NA	NA
ABC-DPOP	var	35.0	8	5308416	15154845	43446.098	35
BC-DPOP	var	35.0	8	NA	NA	NA	35
DPOP	var	35.0	9	362797056	1758063865	NA	NA
P-HDPOP	var	35.0	9	NA	NA	NA	NA
HDPOP	var	35.0	9	NA	NA	NA	NA
ABC-DPOP	var	35.0	9	14155776	31590135	51948.4	35
BC-DPOP	var	35.0	9	NA	NA	NA	35
DPOP	var	35.0	10	NA	NA	NA	NA
P-HDPOP	var	35.0	10	NA	NA	NA	NA
HDPOP	var	35.0	10	NA	NA	NA	NA
ABC-DPOP	var	35.0	10	NA	NA	NA	NA
BC-DPOP	var	35.0	10	NA	NA	NA	NA
DPOP	var	35.0	11	NA	NA	NA	NA
P-HDPOP	var	35.0	11	NA	NA	NA	NA
HDPOP	var	35.0	11	NA	NA	NA	NA
ABC-DPOP	var	35.0	11	NA	NA	NA	NA
BC-DPOP	var	35.0	11	NA	NA	NA	NA
DPOP	var	35.0	12	NA	NA	NA	NA
P-HDPOP	var	35.0	12	NA	NA	NA	NA
HDPOP	var	35.0	12	NA	NA	NA	NA
ABC-DPOP	var	35.0	12	NA	NA	NA	NA
BC-DPOP	var	35.0	12	NA	NA	NA	NA
DPOP	var	35.0	13	NA	NA	NA	NA
P-HDPOP	var	35.0	13	NA	NA	NA	NA
HDPOP	var	35.0	13	NA	NA	NA	NA
ABC-DPOP	var	35.0	13	NA	NA	NA	NA
BC-DPOP	var	35.0	13	NA	NA	NA	NA
DPOP	var	35.0	14	362797056	1902652105	46869	NA
P-HDPOP	var	35.0	14	NA	NA	NA	NA
HDPOP	var	35.0	14	NA	NA	NA	NA
ABC-DPOP	var	35.0	14	14155776	29456727	138790.0	35
BC-DPOP	var	35.0	14	NA	NA	NA	35
DPOP	var	35.0	15	NA	NA	NA	NA
P-HDPOP	var	35.0	15	NA	NA	NA	NA
HDPOP	var	35.0	15	NA	NA	NA	NA
ABC-DPOP	var	35.0	15	NA	NA	NA	NA
BC-DPOP	var	35.0	15	NA	NA	NA	NA
DPOP	var	35.0	16	NA	NA	NA	NA
P-HDPOP	var	35.0	16	NA	NA	NA	NA
HDPOP	var	35.0	16	NA	NA	NA	NA
ABC-DPOP	var	35.0	16	NA	NA	NA	NA
BC-DPOP	var	35.0	16	NA	NA	NA	NA
DPOP	var	35.0	17	NA	NA	NA	NA
P-HDPOP	var	35.0	17	NA	NA	NA	NA
HDPOP	var	35.0	17	NA	NA	NA	NA
ABC-DPOP	var	35.0	17	NA	NA	NA	NA
BC-DPOP	var	35.0	17	248832	893110	11224.2	NA
DPOP	var	35.0	18	NA	NA	57122	NA
P-HDPOP	var	35.0	18	NA	NA	NA	NA
HDPOP	var	35.0	18	NA	NA	NA	NA
ABC-DPOP	var	35.0	18	NA	NA	NA	NA
BC-DPOP	var	35.0	18	NA	NA	NA	NA
DPOP	var	35.0	19	362797056	1294587235	NA	NA
P-HDPOP	var	35.0	19	NA	NA	NA	NA
HDPOP	var	35.0	19	NA	NA	NA	NA
ABC-DPOP	var	35.0	19	7077888	14044276	144674.0	35
BC-DPOP	var	35.0	19	NA	NA	NA	35
DPOP	var	35.0	20	NA	NA	74754	NA
P-HDPOP	var	35.0	20	NA	NA	NA	NA
HDPOP	var	35.0	20	NA	NA	NA	NA
ABC-DPOP	var	35.0	20	NA	NA	NA	NA
BC-DPOP	var	35.0	20	NA	NA	NA	NA
DPOP	var	35.0	21	362797056	593584975	10958	NA
P-HDPOP	var	35.0	21	NA	NA	NA	NA
HDPOP	var	35.0	21	NA	NA	NA	NA
ABC-DPOP	var	35.0	21	663552	1658273	6091.9697	35
BC-DPOP	var	35.0	21	NA	NA	NA	35
DPOP	var	35.0	22	NA	NA	NA	NA
P-HDPOP	var	35.0	22	NA	NA	NA	NA
HDPOP	var	35.0	22	NA	NA	NA	NA
ABC-DPOP	var	35.0	22	NA	NA	NA	NA
BC-DPOP	var	35.0	22	NA	NA	NA	NA
DPOP	var	35.0	23	10077696	18435505	14391	NA
P-HDPOP	var	35.0	23	NA	NA	NA	NA
HDPOP	var	35.0	23	NA	NA	NA	NA
ABC-DPOP	var	35.0	23	36864	152225	1190.14	35
BC-DPOP	var	35.0	23	497664	1061929	81191.0	35
DPOP	var	35.0	24	NA	NA	NA	NA
P-HDPOP	var	35.0	24	NA	NA	NA	NA
HDPOP	var	35.0	24	NA	NA	NA	NA
ABC-DPOP	var	35.0	24	NA	NA	NA	NA
BC-DPOP	var	35.0	24	NA	NA	NA	NA
DPOP	var	35.0	25	10077696	22573705	NA	NA
P-HDPOP	var	35.0	25	NA	NA	NA	NA
HDPOP	var	35.0	25	NA	NA	NA	NA
ABC-DPOP	var	35.0	25	884736	1421046	412.684	35
BC-DPOP	var	35.0	25	2985984	6740486	12015.801	35
DPOP	var	35.0	26	362797056	1272154405	NA	NA
P-HDPOP	var	35.0	26	NA	NA	NA	NA
HDPOP	var	35.0	26	NA	NA	NA	NA
ABC-DPOP	var	35.0	26	786432	2055633	1035.23	35
BC-DPOP	var	35.0	26	NA	NA	NA	35
DPOP	var	35.0	27	NA	NA	NA	NA
P-HDPOP	var	35.0	27	NA	NA	NA	NA
HDPOP	var	35.0	27	NA	NA	NA	NA
ABC-DPOP	var	35.0	27	NA	NA	NA	NA
BC-DPOP	var	35.0	27	NA	NA	NA	NA
DPOP	var	35.0	28	2176782336	5417248585	NA	NA
P-HDPOP	var	35.0	28	NA	NA	NA	NA
HDPOP	var	35.0	28	NA	NA	NA	NA
ABC-DPOP	var	35.0	28	12582912	21969892	62803.2	35
BC-DPOP	var	35.0	28	NA	NA	NA	35
DPOP	var	35.0	29	362797056	759900685	NA	NA
P-HDPOP	var	35.0	29	NA	NA	NA	NA
HDPOP	var	35.0	29	NA	NA	NA	NA
ABC-DPOP	var	35.0	29	15925248	24920363	76126.1	35
BC-DPOP	var	35.0	29	NA	NA	NA	35
DPOP	var	35.0	30	NA	NA	NA	NA
P-HDPOP	var	35.0	30	NA	NA	NA	NA
HDPOP	var	35.0	30	NA	NA	NA	NA
ABC-DPOP	var	35.0	30	NA	NA	NA	NA
BC-DPOP	var	35.0	30	NA	NA	NA	NA
DPOP	var	35.0	31	NA	NA	NA	NA
P-HDPOP	var	35.0	31	NA	NA	NA	NA
HDPOP	var	35.0	31	NA	NA	NA	NA
ABC-DPOP	var	35.0	31	NA	NA	NA	NA
BC-DPOP	var	35.0	31	NA	NA	NA	NA
DPOP	var	35.0	32	NA	NA	NA	NA
P-HDPOP	var	35.0	32	NA	NA	NA	NA
HDPOP	var	35.0	32	NA	NA	NA	NA
ABC-DPOP	var	35.0	32	NA	NA	NA	NA
BC-DPOP	var	35.0	32	NA	NA	NA	NA
DPOP	var	35.0	33	60466176	87516265	NA	NA
P-HDPOP	var	35.0	33	NA	NA	NA	NA
HDPOP	var	35.0	33	NA	NA	NA	NA
ABC-DPOP	var	35.0	33	884736	1834457	1749.01	35
BC-DPOP	var	35.0	33	26873856	41238343	92680.7	35
DPOP	var	35.0	34	NA	NA	NA	NA
P-HDPOP	var	35.0	34	NA	NA	NA	NA
HDPOP	var	35.0	34	NA	NA	NA	NA
ABC-DPOP	var	35.0	34	NA	NA	NA	NA
BC-DPOP	var	35.0	34	124416	431402	204.23799	NA
DPOP	var	35.0	35	NA	NA	NA	NA
P-HDPOP	var	35.0	35	NA	NA	NA	NA
HDPOP	var	35.0	35	NA	NA	NA	NA
ABC-DPOP	var	35.0	35	NA	NA	NA	NA
BC-DPOP	var	35.0	35	20736	41836	107385.0	NA
DPOP	var	35.0	36	NA	NA	NA	NA
P-HDPOP	var	35.0	36	NA	NA	NA	NA
HDPOP	var	35.0	36	NA	NA	NA	NA
ABC-DPOP	var	35.0	36	NA	NA	NA	NA
BC-DPOP	var	35.0	36	NA	NA	NA	NA
DPOP	var	35.0	37	10077696	27225445	883	NA
P-HDPOP	var	35.0	37	NA	NA	NA	NA
HDPOP	var	35.0	37	NA	NA	NA	NA
ABC-DPOP	var	35.0	37	884736	1683437	2039.05	35
BC-DPOP	var	35.0	37	2985984	8902043	12283.301	35
DPOP	var	35.0	38	279936	2617645	NA	NA
P-HDPOP	var	35.0	38	NA	NA	NA	NA
HDPOP	var	35.0	38	NA	NA	NA	NA
ABC-DPOP	var	35.0	38	36864	60125	43.9188	35
BC-DPOP	var	35.0	38	82944	402767	1411.1	35
DPOP	var	35.0	39	NA	NA	NA	NA
P-HDPOP	var	35.0	39	NA	NA	NA	NA
HDPOP	var	35.0	39	NA	NA	NA	NA
ABC-DPOP	var	35.0	39	NA	NA	NA	NA
BC-DPOP	var	35.0	39	NA	NA	NA	NA
DPOP	var	35.0	40	2176782336	10664253445	NA	NA
P-HDPOP	var	35.0	40	NA	NA	NA	NA
HDPOP	var	35.0	40	NA	NA	NA	NA
ABC-DPOP	var	35.0	40	3145728	13272580	99473.1	35
BC-DPOP	var	35.0	40	NA	NA	NA	35
DPOP	var	35.0	41	60466176	142855825	NA	NA
P-HDPOP	var	35.0	41	NA	NA	NA	NA
HDPOP	var	35.0	41	NA	NA	NA	NA
ABC-DPOP	var	35.0	41	147456	601379	708.062	35
BC-DPOP	var	35.0	41	NA	NA	NA	35
DPOP	var	35.0	42	NA	NA	NA	NA
P-HDPOP	var	35.0	42	NA	NA	NA	NA
HDPOP	var	35.0	42	NA	NA	NA	NA
ABC-DPOP	var	35.0	42	NA	NA	NA	NA
BC-DPOP	var	35.0	42	1327104	4111324	26719.8	NA
DPOP	var	35.0	43	362797056	804208945	49870	NA
P-HDPOP	var	35.0	43	NA	NA	NA	NA
HDPOP	var	35.0	43	NA	NA	NA	NA
ABC-DPOP	var	35.0	43	14155776	18912933	62596.7	35
BC-DPOP	var	35.0	43	NA	NA	NA	35
DPOP	var	35.0	44	362797056	2278232005	NA	NA
P-HDPOP	var	35.0	44	NA	NA	NA	NA
HDPOP	var	35.0	44	NA	NA	NA	NA
ABC-DPOP	var	35.0	44	14155776	21772157	149733.0	35
BC-DPOP	var	35.0	44	NA	NA	NA	35
DPOP	var	35.0	45	362797056	1356460645	NA	NA
P-HDPOP	var	35.0	45	NA	NA	NA	NA
HDPOP	var	35.0	45	NA	NA	NA	NA
ABC-DPOP	var	35.0	45	2359296	4313292	91826.8	35
BC-DPOP	var	35.0	45	NA	NA	NA	35
DPOP	var	35.0	46	NA	NA	12755	NA
P-HDPOP	var	35.0	46	NA	NA	NA	NA
HDPOP	var	35.0	46	NA	NA	NA	NA
ABC-DPOP	var	35.0	46	NA	NA	NA	NA
BC-DPOP	var	35.0	46	NA	NA	NA	NA
DPOP	var	35.0	47	NA	NA	NA	NA
P-HDPOP	var	35.0	47	NA	NA	NA	NA
HDPOP	var	35.0	47	NA	NA	NA	NA
ABC-DPOP	var	35.0	47	NA	NA	NA	NA
BC-DPOP	var	35.0	47	NA	NA	NA	NA
DPOP	var	35.0	48	2176782336	5727892225	NA	NA
P-HDPOP	var	35.0	48	NA	NA	NA	NA
HDPOP	var	35.0	48	NA	NA	NA	NA
ABC-DPOP	var	35.0	48	6291456	11270037	59675.8	35
BC-DPOP	var	35.0	48	NA	NA	NA	35
DPOP	var	35.0	49	60466176	87214405	NA	NA
P-HDPOP	var	35.0	49	NA	NA	NA	NA
HDPOP	var	35.0	49	NA	NA	NA	NA
ABC-DPOP	var	35.0	49	442368	1452987	2996.04	35
BC-DPOP	var	35.0	49	NA	NA	NA	35
DPOP	var	35.0	50	1679616	13926295	6672	NA
P-HDPOP	var	35.0	50	NA	NA	NA	NA
HDPOP	var	35.0	50	NA	NA	NA	NA
ABC-DPOP	var	35.0	50	1536	3394	14.6494	35
BC-DPOP	var	35.0	50	124416	163644	11052.9	35
DPOP	var	40.0	1	60466176	526109485	NA	NA
P-HDPOP	var	40.0	1	NA	NA	NA	NA
HDPOP	var	40.0	1	NA	NA	NA	NA
ABC-DPOP	var	40.0	1	2654208	7633033	46675.0	40
BC-DPOP	var	40.0	1	NA	NA	NA	40
DPOP	var	40.0	2	60466176	235552345	14191	NA
P-HDPOP	var	40.0	2	NA	NA	NA	NA
HDPOP	var	40.0	2	NA	NA	NA	NA
ABC-DPOP	var	40.0	2	5308416	12056865	73016.0	40
BC-DPOP	var	40.0	2	NA	NA	NA	40
DPOP	var	40.0	3	NA	NA	NA	NA
P-HDPOP	var	40.0	3	NA	NA	NA	NA
HDPOP	var	40.0	3	NA	NA	NA	NA
ABC-DPOP	var	40.0	3	NA	NA	NA	NA
BC-DPOP	var	40.0	3	NA	NA	NA	NA
DPOP	var	40.0	4	NA	NA	1634	NA
P-HDPOP	var	40.0	4	NA	NA	NA	NA
HDPOP	var	40.0	4	NA	NA	NA	NA
ABC-DPOP	var	40.0	4	NA	NA	NA	NA
BC-DPOP	var	40.0	4	NA	NA	NA	NA
DPOP	var	40.0	5	10077696	29466595	NA	NA
P-HDPOP	var	40.0	5	NA	NA	NA	NA
HDPOP	var	40.0	5	NA	NA	NA	NA
ABC-DPOP	var	40.0	5	589824	958197	3670.03	40
BC-DPOP	var	40.0	5	2985984	7428911	89486.3	40
DPOP	var	40.0	6	NA	NA	NA	NA
P-HDPOP	var	40.0	6	NA	NA	NA	NA
HDPOP	var	40.0	6	NA	NA	NA	NA
ABC-DPOP	var	40.0	6	NA	NA	NA	NA
BC-DPOP	var	40.0	6	NA	NA	NA	NA
DPOP	var	40.0	7	10077696	18411205	25008	NA
P-HDPOP	var	40.0	7	NA	NA	NA	NA
HDPOP	var	40.0	7	NA	NA	NA	NA
ABC-DPOP	var	40.0	7	589824	1070369	2029.02	40
BC-DPOP	var	40.0	7	1327104	3221243	11674.7	40
DPOP	var	40.0	8	10077696	16389955	5426	NA
P-HDPOP	var	40.0	8	NA	NA	NA	NA
HDPOP	var	40.0	8	NA	NA	NA	NA
ABC-DPOP	var	40.0	8	18432	81869	37.7998	40
BC-DPOP	var	40.0	8	2985984	5842507	14021.4	40
DPOP	var	40.0	9	10077696	74630605	NA	NA
P-HDPOP	var	40.0	9	NA	NA	NA	NA
HDPOP	var	40.0	9	NA	NA	NA	NA
ABC-DPOP	var	40.0	9	147456	460344	854.07104	40
BC-DPOP	var	40.0	9	746496	2697312	12344.8	40
DPOP	var	40.0	10	1679616	4176235	11501	NA
P-HDPOP	var	40.0	10	NA	NA	NA	NA
HDPOP	var	40.0	10	NA	NA	NA	NA
ABC-DPOP	var	40.0	10	147456	173999	771.843	40
BC-DPOP	var	40.0	10	746496	1156993	10462.5	40
DPOP	var	40.0	11	NA	NA	NA	NA
P-HDPOP	var	40.0	11	NA	NA	NA	NA
HDPOP	var	40.0	11	NA	NA	NA	NA
ABC-DPOP	var	40.0	11	NA	NA	NA	NA
BC-DPOP	var	40.0	11	216	728	11118.5	NA
DPOP	var	40.0	12	NA	NA	NA	NA
P-HDPOP	var	40.0	12	NA	NA	NA	NA
HDPOP	var	40.0	12	NA	NA	NA	NA
ABC-DPOP	var	40.0	12	NA	NA	NA	NA
BC-DPOP	var	40.0	12	NA	NA	NA	NA
DPOP	var	40.0	13	60466176	346821205	NA	NA
P-HDPOP	var	40.0	13	NA	NA	NA	NA
HDPOP	var	40.0	13	NA	NA	NA	NA
ABC-DPOP	var	40.0	13	884736	4509391	5837.43	40
BC-DPOP	var	40.0	13	NA	NA	NA	40
DPOP	var	40.0	14	NA	NA	NA	NA
P-HDPOP	var	40.0	14	NA	NA	NA	NA
HDPOP	var	40.0	14	NA	NA	NA	NA
ABC-DPOP	var	40.0	14	NA	NA	NA	NA
BC-DPOP	var	40.0	14	NA	NA	NA	NA
DPOP	var	40.0	15	2176782336	3006902425	NA	NA
P-HDPOP	var	40.0	15	NA	NA	NA	NA
HDPOP	var	40.0	15	NA	NA	NA	NA
ABC-DPOP	var	40.0	15	1179648	3970553	9469.74	40
BC-DPOP	var	40.0	15	NA	NA	NA	40
DPOP	var	40.0	16	1679616	5131165	7419	NA
P-HDPOP	var	40.0	16	NA	NA	NA	NA
HDPOP	var	40.0	16	NA	NA	NA	NA
ABC-DPOP	var	40.0	16	256	548	27.7834	40
BC-DPOP	var	40.0	16	384	1760	1503.0	40
DPOP	var	40.0	17	362797056	801726025	NA	NA
P-HDPOP	var	40.0	17	NA	NA	NA	NA
HDPOP	var	40.0	17	NA	NA	NA	NA
ABC-DPOP	var	40.0	17	589824	1547549	4138.68	40
BC-DPOP	var	40.0	17	NA	NA	NA	40
DPOP	var	40.0	18	60466176	150123235	2082	NA
P-HDPOP	var	40.0	18	NA	NA	NA	NA
HDPOP	var	40.0	18	NA	NA	NA	NA
ABC-DPOP	var	40.0	18	2359296	6179253	30449.5	40
BC-DPOP	var	40.0	18	NA	NA	NA	40
DPOP	var	40.0	19	362797056	621019645	NA	NA
P-HDPOP	var	40.0	19	NA	NA	NA	NA
HDPOP	var	40.0	19	NA	NA	NA	NA
ABC-DPOP	var	40.0	19	1769472	5152375	3381.43	40
BC-DPOP	var	40.0	19	NA	NA	NA	40
DPOP	var	40.0	20	362797056	640649785	66313	NA
P-HDPOP	var	40.0	20	NA	NA	NA	NA
HDPOP	var	40.0	20	NA	NA	NA	NA
ABC-DPOP	var	40.0	20	589824	3063995	6761.96	40
BC-DPOP	var	40.0	20	NA	NA	NA	40
DPOP	var	40.0	21	60466176	113503765	7582	NA
P-HDPOP	var	40.0	21	NA	NA	NA	NA
HDPOP	var	40.0	21	NA	NA	NA	NA
ABC-DPOP	var	40.0	21	589824	1465163	1034.9099	40
BC-DPOP	var	40.0	21	NA	NA	NA	40
DPOP	var	40.0	22	NA	NA	NA	NA
P-HDPOP	var	40.0	22	NA	NA	NA	NA
HDPOP	var	40.0	22	NA	NA	NA	NA
ABC-DPOP	var	40.0	22	NA	NA	NA	NA
BC-DPOP	var	40.0	22	NA	NA	NA	NA
DPOP	var	40.0	23	10077696	60766615	NA	NA
P-HDPOP	var	40.0	23	NA	NA	NA	NA
HDPOP	var	40.0	23	NA	NA	NA	NA
ABC-DPOP	var	40.0	23	589824	1949601	666.582	40
BC-DPOP	var	40.0	23	2985984	12014911	93013.5	40
DPOP	var	40.0	24	NA	NA	28657	NA
P-HDPOP	var	40.0	24	NA	NA	NA	NA
HDPOP	var	40.0	24	NA	NA	NA	NA
ABC-DPOP	var	40.0	24	NA	NA	NA	NA
BC-DPOP	var	40.0	24	NA	NA	NA	NA
DPOP	var	40.0	25	1679616	6621025	NA	NA
P-HDPOP	var	40.0	25	NA	NA	NA	NA
HDPOP	var	40.0	25	NA	NA	NA	NA
ABC-DPOP	var	40.0	25	49152	202689	179.216	40
BC-DPOP	var	40.0	25	1119744	1954945	10642.2	40
DPOP	var	40.0	26	60466176	101958175	6164	NA
P-HDPOP	var	40.0	26	NA	NA	NA	NA
HDPOP	var	40.0	26	NA	NA	NA	NA
ABC-DPOP	var	40.0	26	221184	672586	6214.88	40
BC-DPOP	var	40.0	26	NA	NA	NA	40
DPOP	var	40.0	27	NA	NA	NA	NA
P-HDPOP	var	40.0	27	NA	NA	NA	NA
HDPOP	var	40.0	27	NA	NA	NA	NA
ABC-DPOP	var	40.0	27	NA	NA	NA	NA
BC-DPOP	var	40.0	27	NA	NA	NA	NA
DPOP	var	40.0	28	60466176	222443905	NA	NA
P-HDPOP	var	40.0	28	NA	NA	NA	NA
HDPOP	var	40.0	28	NA	NA	NA	NA
ABC-DPOP	var	40.0	28	663552	2497837	15334.2	40
BC-DPOP	var	40.0	28	NA	NA	NA	40
DPOP	var	40.0	29	60466176	287623885	NA	NA
P-HDPOP	var	40.0	29	NA	NA	NA	NA
HDPOP	var	40.0	29	NA	NA	NA	NA
ABC-DPOP	var	40.0	29	262144	1393523	2423.07	40
BC-DPOP	var	40.0	29	NA	NA	NA	40
DPOP	var	40.0	30	NA	NA	52305	NA
P-HDPOP	var	40.0	30	NA	NA	NA	NA
HDPOP	var	40.0	30	NA	NA	NA	NA
ABC-DPOP	var	40.0	30	NA	NA	NA	NA
BC-DPOP	var	40.0	30	NA	NA	NA	NA
DPOP	var	40.0	31	362797056	1193778085	5963	NA
P-HDPOP	var	40.0	31	NA	NA	NA	NA
HDPOP	var	40.0	31	NA	NA	NA	NA
ABC-DPOP	var	40.0	31	3145728	6170117	7411.87	40
BC-DPOP	var	40.0	31	NA	NA	NA	40
DPOP	var	40.0	32	60466176	81026005	NA	NA
P-HDPOP	var	40.0	32	NA	NA	NA	NA
HDPOP	var	40.0	32	NA	NA	NA	NA
ABC-DPOP	var	40.0	32	331776	735291	1552.32	40
BC-DPOP	var	40.0	32	884736	1531741	94884.3	40
DPOP	var	40.0	33	2176782336	2694182455	NA	NA
P-HDPOP	var	40.0	33	NA	NA	NA	NA
HDPOP	var	40.0	33	NA	NA	NA	NA
ABC-DPOP	var	40.0	33	589824	1670319	4101.97	40
BC-DPOP	var	40.0	33	NA	NA	NA	40
DPOP	var	40.0	34	NA	NA	NA	NA
P-HDPOP	var	40.0	34	NA	NA	NA	NA
HDPOP	var	40.0	34	NA	NA	NA	NA
ABC-DPOP	var	40.0	34	NA	NA	NA	NA
BC-DPOP	var	40.0	34	NA	NA	NA	NA
DPOP	var	40.0	35	362797056	435883765	1433	NA
P-HDPOP	var	40.0	35	NA	NA	NA	NA
HDPOP	var	40.0	35	NA	NA	NA	NA
ABC-DPOP	var	40.0	35	147456	300385	253.909	40
BC-DPOP	var	40.0	35	NA	NA	NA	40
DPOP	var	40.0	36	NA	NA	NA	NA
P-HDPOP	var	40.0	36	NA	NA	NA	NA
HDPOP	var	40.0	36	NA	NA	NA	NA
ABC-DPOP	var	40.0	36	NA	NA	NA	NA
BC-DPOP	var	40.0	36	NA	NA	NA	NA
DPOP	var	40.0	37	10077696	43178275	65280	NA
P-HDPOP	var	40.0	37	NA	NA	NA	NA
HDPOP	var	40.0	37	NA	NA	NA	NA
ABC-DPOP	var	40.0	37	884736	2208947	9285.03	40
BC-DPOP	var	40.0	37	1327104	5443725	96152.4	40
DPOP	var	40.0	38	10077696	24363415	NA	NA
P-HDPOP	var	40.0	38	NA	NA	NA	NA
HDPOP	var	40.0	38	NA	NA	NA	NA
ABC-DPOP	var	40.0	38	589824	1154123	1342.02	40
BC-DPOP	var	40.0	38	4478976	8797689	91804.4	40
DPOP	var	40.0	39	362797056	677622295	NA	NA
P-HDPOP	var	40.0	39	NA	NA	NA	NA
HDPOP	var	40.0	39	NA	NA	NA	NA
ABC-DPOP	var	40.0	39	1179648	2559107	6052.9897	40
BC-DPOP	var	40.0	39	NA	NA	NA	40
DPOP	var	40.0	40	362797056	437933605	NA	NA
P-HDPOP	var	40.0	40	NA	NA	NA	NA
HDPOP	var	40.0	40	23328	119272.0	27435	NA
ABC-DPOP	var	40.0	40	442368	894573	21665.3	40
BC-DPOP	var	40.0	40	NA	NA	NA	40
DPOP	var	40.0	41	60466176	86048545	12167	NA
P-HDPOP	var	40.0	41	NA	NA	NA	NA
HDPOP	var	40.0	41	NA	NA	NA	NA
ABC-DPOP	var	40.0	41	294912	1002693	843.661	40
BC-DPOP	var	40.0	41	5308416	8661291	87810.8	40
DPOP	var	40.0	42	362797056	527025835	NA	NA
P-HDPOP	var	40.0	42	NA	NA	NA	NA
HDPOP	var	40.0	42	NA	NA	NA	NA
ABC-DPOP	var	40.0	42	5308416	11825543	49096.902	40
BC-DPOP	var	40.0	42	NA	NA	NA	40
DPOP	var	40.0	43	10077696	33391885	46178	NA
P-HDPOP	var	40.0	43	NA	NA	NA	NA
HDPOP	var	40.0	43	NA	NA	NA	NA
ABC-DPOP	var	40.0	43	196608	787185	1276.85	40
BC-DPOP	var	40.0	43	1990656	7207243	11941.2	40
DPOP	var	40.0	44	NA	NA	NA	NA
P-HDPOP	var	40.0	44	NA	NA	NA	NA
HDPOP	var	40.0	44	NA	NA	NA	NA
ABC-DPOP	var	40.0	44	NA	NA	NA	NA
BC-DPOP	var	40.0	44	NA	NA	NA	NA
DPOP	var	40.0	45	NA	NA	NA	NA
P-HDPOP	var	40.0	45	NA	NA	NA	NA
HDPOP	var	40.0	45	NA	NA	NA	NA
ABC-DPOP	var	40.0	45	NA	NA	NA	NA
BC-DPOP	var	40.0	45	NA	NA	NA	NA
DPOP	var	40.0	46	NA	NA	NA	NA
P-HDPOP	var	40.0	46	NA	NA	NA	NA
HDPOP	var	40.0	46	NA	NA	NA	NA
ABC-DPOP	var	40.0	46	NA	NA	NA	NA
BC-DPOP	var	40.0	46	497664	2710314	11133.5	NA
DPOP	var	40.0	47	NA	NA	NA	NA
P-HDPOP	var	40.0	47	NA	NA	NA	NA
HDPOP	var	40.0	47	NA	NA	NA	NA
ABC-DPOP	var	40.0	47	NA	NA	NA	NA
BC-DPOP	var	40.0	47	NA	NA	NA	NA
DPOP	var	40.0	48	10077696	110966665	54803	NA
P-HDPOP	var	40.0	48	NA	NA	NA	NA
HDPOP	var	40.0	48	NA	NA	NA	NA
ABC-DPOP	var	40.0	48	2985984	22568419	22883.3	40
BC-DPOP	var	40.0	48	NA	NA	NA	40
DPOP	var	40.0	49	NA	NA	6201	NA
P-HDPOP	var	40.0	49	NA	NA	NA	NA
HDPOP	var	40.0	49	NA	NA	NA	NA
ABC-DPOP	var	40.0	49	NA	NA	NA	NA
BC-DPOP	var	40.0	49	NA	NA	NA	NA
DPOP	var	40.0	50	NA	NA	NA	NA
P-HDPOP	var	40.0	50	NA	NA	NA	NA
HDPOP	var	40.0	50	NA	NA	NA	NA
ABC-DPOP	var	40.0	50	NA	NA	NA	NA
BC-DPOP	var	40.0	50	NA	NA	NA	NA
DPOP	var	45.0	1	362797056	1600452925	NA	NA
P-HDPOP	var	45.0	1	NA	NA	NA	NA
HDPOP	var	45.0	1	NA	NA	NA	NA
ABC-DPOP	var	45.0	1	1572864	4235005	2214.13	45
BC-DPOP	var	45.0	1	NA	NA	NA	45
DPOP	var	45.0	2	NA	NA	NA	NA
P-HDPOP	var	45.0	2	NA	NA	NA	NA
HDPOP	var	45.0	2	NA	NA	NA	NA
ABC-DPOP	var	45.0	2	NA	NA	NA	NA
BC-DPOP	var	45.0	2	NA	NA	NA	NA
DPOP	var	45.0	3	NA	NA	NA	NA
P-HDPOP	var	45.0	3	NA	NA	NA	NA
HDPOP	var	45.0	3	NA	NA	NA	NA
ABC-DPOP	var	45.0	3	NA	NA	NA	NA
BC-DPOP	var	45.0	3	NA	NA	NA	NA
DPOP	var	45.0	4	362797056	577491745	232447	NA
P-HDPOP	var	45.0	4	NA	NA	NA	NA
HDPOP	var	45.0	4	NA	NA	NA	NA
ABC-DPOP	var	45.0	4	5308416	13371219	11668.399	45
BC-DPOP	var	45.0	4	NA	NA	NA	45
DPOP	var	45.0	5	60466176	189322465	4200	NA
P-HDPOP	var	45.0	5	NA	NA	NA	NA
HDPOP	var	45.0	5	NA	NA	NA	NA
ABC-DPOP	var	45.0	5	3538944	6483675	7456.16	45
BC-DPOP	var	45.0	5	NA	NA	NA	45
DPOP	var	45.0	6	60466176	83308045	NA	NA
P-HDPOP	var	45.0	6	NA	NA	NA	NA
HDPOP	var	45.0	6	NA	NA	NA	NA
ABC-DPOP	var	45.0	6	1327104	2492405	2628.22	45
BC-DPOP	var	45.0	6	11943936	20574867	90060.5	45
DPOP	var	45.0	7	60466176	108174295	26036	NA
P-HDPOP	var	45.0	7	NA	NA	NA	NA
HDPOP	var	45.0	7	NA	NA	NA	NA
ABC-DPOP	var	45.0	7	589824	2535515	1331.55	45
BC-DPOP	var	45.0	7	NA	NA	NA	45
DPOP	var	45.0	8	NA	NA	19442	NA
P-HDPOP	var	45.0	8	NA	NA	NA	NA
HDPOP	var	45.0	8	NA	NA	NA	NA
ABC-DPOP	var	45.0	8	NA	NA	NA	NA
BC-DPOP	var	45.0	8	NA	NA	NA	NA
DPOP	var	45.0	9	NA	NA	NA	NA
P-HDPOP	var	45.0	9	NA	NA	NA	NA
HDPOP	var	45.0	9	NA	NA	NA	NA
ABC-DPOP	var	45.0	9	NA	NA	NA	NA
BC-DPOP	var	45.0	9	NA	NA	NA	NA
DPOP	var	45.0	10	NA	NA	40467	NA
P-HDPOP	var	45.0	10	NA	NA	NA	NA
HDPOP	var	45.0	10	NA	NA	NA	NA
ABC-DPOP	var	45.0	10	NA	NA	NA	NA
BC-DPOP	var	45.0	10	10368	56224	11111.301	NA
DPOP	var	45.0	11	60466176	319006705	NA	NA
P-HDPOP	var	45.0	11	NA	NA	NA	NA
HDPOP	var	45.0	11	NA	NA	NA	NA
ABC-DPOP	var	45.0	11	1572864	3972763	8665.8	45
BC-DPOP	var	45.0	11	NA	NA	NA	45
DPOP	var	45.0	12	NA	NA	NA	NA
P-HDPOP	var	45.0	12	NA	NA	NA	NA
HDPOP	var	45.0	12	NA	NA	NA	NA
ABC-DPOP	var	45.0	12	NA	NA	NA	NA
BC-DPOP	var	45.0	12	NA	NA	NA	NA
DPOP	var	45.0	13	1679616	4952785	13524	NA
P-HDPOP	var	45.0	13	NA	NA	NA	NA
HDPOP	var	45.0	13	NA	NA	NA	NA
ABC-DPOP	var	45.0	13	98304	225173	247.588	45
BC-DPOP	var	45.0	13	331776	994579	1533.26	45
DPOP	var	45.0	14	NA	NA	3813	NA
P-HDPOP	var	45.0	14	NA	NA	NA	NA
HDPOP	var	45.0	14	NA	NA	NA	NA
ABC-DPOP	var	45.0	14	NA	NA	NA	NA
BC-DPOP	var	45.0	14	1492992	2264796	87092.3	NA
DPOP	var	45.0	15	10077696	27129325	NA	NA
P-HDPOP	var	45.0	15	NA	NA	NA	NA
HDPOP	var	45.0	15	NA	NA	NA	NA
ABC-DPOP	var	45.0	15	98304	653997	1208.5801	45
BC-DPOP	var	45.0	15	663552	4154167	11552.301	45
DPOP	var	45.0	16	2176782336	2815999105	NA	NA
P-HDPOP	var	45.0	16	NA	NA	NA	NA
HDPOP	var	45.0	16	NA	NA	NA	NA
ABC-DPOP	var	45.0	16	2359296	7105667	34320.5	45
BC-DPOP	var	45.0	16	NA	NA	NA	45
DPOP	var	45.0	17	1679616	10765855	NA	NA
P-HDPOP	var	45.0	17	NA	NA	NA	NA
HDPOP	var	45.0	17	NA	NA	NA	NA
ABC-DPOP	var	45.0	17	24576	77376	40.094902	45
BC-DPOP	var	45.0	17	373248	1454320	11077.0	45
DPOP	var	45.0	18	NA	NA	1446	NA
P-HDPOP	var	45.0	18	NA	NA	NA	NA
HDPOP	var	45.0	18	NA	NA	NA	NA
ABC-DPOP	var	45.0	18	NA	NA	NA	NA
BC-DPOP	var	45.0	18	1492992	4882284	11209.601	NA
DPOP	var	45.0	19	NA	NA	15391	NA
P-HDPOP	var	45.0	19	NA	NA	NA	NA
HDPOP	var	45.0	19	NA	NA	NA	NA
ABC-DPOP	var	45.0	19	NA	NA	NA	NA
BC-DPOP	var	45.0	19	4478976	5887458	86948.8	NA
DPOP	var	45.0	20	NA	NA	NA	NA
P-HDPOP	var	45.0	20	NA	NA	NA	NA
HDPOP	var	45.0	20	NA	NA	NA	NA
ABC-DPOP	var	45.0	20	NA	NA	NA	NA
BC-DPOP	var	45.0	20	NA	NA	NA	NA
DPOP	var	45.0	21	NA	NA	69371	NA
P-HDPOP	var	45.0	21	NA	NA	NA	NA
HDPOP	var	45.0	21	NA	NA	NA	NA
ABC-DPOP	var	45.0	21	NA	NA	NA	NA
BC-DPOP	var	45.0	21	NA	NA	NA	NA
DPOP	var	45.0	22	NA	NA	NA	NA
P-HDPOP	var	45.0	22	NA	NA	NA	NA
HDPOP	var	45.0	22	NA	NA	NA	NA
ABC-DPOP	var	45.0	22	NA	NA	NA	NA
BC-DPOP	var	45.0	22	NA	NA	NA	NA
DPOP	var	45.0	23	NA	NA	NA	NA
P-HDPOP	var	45.0	23	NA	NA	NA	NA
HDPOP	var	45.0	23	NA	NA	NA	NA
ABC-DPOP	var	45.0	23	NA	NA	NA	NA
BC-DPOP	var	45.0	23	NA	NA	NA	NA
DPOP	var	45.0	24	NA	NA	NA	NA
P-HDPOP	var	45.0	24	NA	NA	NA	NA
HDPOP	var	45.0	24	NA	NA	NA	NA
ABC-DPOP	var	45.0	24	NA	NA	NA	NA
BC-DPOP	var	45.0	24	NA	NA	NA	NA
DPOP	var	45.0	25	NA	NA	NA	NA
P-HDPOP	var	45.0	25	NA	NA	NA	NA
HDPOP	var	45.0	25	NA	NA	NA	NA
ABC-DPOP	var	45.0	25	NA	NA	NA	NA
BC-DPOP	var	45.0	25	NA	NA	NA	NA
DPOP	var	45.0	26	NA	NA	2726	NA
P-HDPOP	var	45.0	26	NA	NA	NA	NA
HDPOP	var	45.0	26	NA	NA	NA	NA
ABC-DPOP	var	45.0	26	NA	NA	NA	NA
BC-DPOP	var	45.0	26	1119744	1861934	10111.8	NA
DPOP	var	45.0	27	10077696	46834825	35820	NA
P-HDPOP	var	45.0	27	NA	NA	NA	NA
HDPOP	var	45.0	27	NA	NA	NA	NA
ABC-DPOP	var	45.0	27	884736	2821089	2022.68	45
BC-DPOP	var	45.0	27	10077696	38875925	89031.7	45
DPOP	var	45.0	28	NA	NA	NA	NA
P-HDPOP	var	45.0	28	NA	NA	NA	NA
HDPOP	var	45.0	28	NA	NA	NA	NA
ABC-DPOP	var	45.0	28	NA	NA	NA	NA
BC-DPOP	var	45.0	28	NA	NA	NA	NA
DPOP	var	45.0	29	NA	NA	77598	NA
P-HDPOP	var	45.0	29	NA	NA	NA	NA
HDPOP	var	45.0	29	NA	NA	NA	NA
ABC-DPOP	var	45.0	29	NA	NA	NA	NA
BC-DPOP	var	45.0	29	NA	NA	NA	NA
DPOP	var	45.0	30	60466176	193808065	NA	NA
P-HDPOP	var	45.0	30	NA	NA	NA	NA
HDPOP	var	45.0	30	NA	NA	NA	NA
ABC-DPOP	var	45.0	30	884736	4348035	4008.66	45
BC-DPOP	var	45.0	30	NA	NA	NA	45
DPOP	var	45.0	31	60466176	159303235	NA	NA
P-HDPOP	var	45.0	31	NA	NA	NA	NA
HDPOP	var	45.0	31	NA	NA	NA	NA
ABC-DPOP	var	45.0	31	442368	1430385	7653.31	45
BC-DPOP	var	45.0	31	NA	NA	NA	45
DPOP	var	45.0	32	362797056	457325905	NA	NA
P-HDPOP	var	45.0	32	NA	NA	NA	NA
HDPOP	var	45.0	32	NA	NA	NA	NA
ABC-DPOP	var	45.0	32	147456	396789	406.639	45
BC-DPOP	var	45.0	32	NA	NA	NA	45
DPOP	var	45.0	33	2176782336	3339856135	NA	NA
P-HDPOP	var	45.0	33	NA	NA	NA	NA
HDPOP	var	45.0	33	NA	NA	NA	NA
ABC-DPOP	var	45.0	33	1179648	2563033	17874.1	45
BC-DPOP	var	45.0	33	NA	NA	NA	45
DPOP	var	45.0	34	NA	NA	NA	NA
P-HDPOP	var	45.0	34	NA	NA	NA	NA
HDPOP	var	45.0	34	NA	NA	NA	NA
ABC-DPOP	var	45.0	34	NA	NA	NA	NA
BC-DPOP	var	45.0	34	NA	NA	NA	NA
DPOP	var	45.0	35	1679616	12823105	31850	NA
P-HDPOP	var	45.0	35	NA	NA	NA	NA
HDPOP	var	45.0	35	NA	NA	NA	NA
ABC-DPOP	var	45.0	35	221184	1019763	1155.62	45
BC-DPOP	var	45.0	35	1119744	5818795	11563.4	45
DPOP	var	45.0	36	1679616	6456325	NA	NA
P-HDPOP	var	45.0	36	NA	NA	NA	NA
HDPOP	var	45.0	36	NA	NA	NA	NA
ABC-DPOP	var	45.0	36	221184	491789	1787.37	45
BC-DPOP	var	45.0	36	497664	1433683	11493.5	45
DPOP	var	45.0	37	60466176	110005465	8198	NA
P-HDPOP	var	45.0	37	NA	NA	NA	NA
HDPOP	var	45.0	37	72576	174366.0	212906	NA
ABC-DPOP	var	45.0	37	73728	351943	473.569	45
BC-DPOP	var	45.0	37	NA	NA	NA	45
DPOP	var	45.0	38	362797056	813963865	NA	NA
P-HDPOP	var	45.0	38	NA	NA	NA	NA
HDPOP	var	45.0	38	NA	NA	NA	NA
ABC-DPOP	var	45.0	38	2359296	3234837	24703.6	45
BC-DPOP	var	45.0	38	NA	NA	NA	45
DPOP	var	45.0	39	60466176	395379115	NA	NA
P-HDPOP	var	45.0	39	NA	NA	NA	NA
HDPOP	var	45.0	39	NA	NA	NA	NA
ABC-DPOP	var	45.0	39	3538944	9991611	28323.299	45
BC-DPOP	var	45.0	39	NA	NA	NA	45
DPOP	var	45.0	40	60466176	169213405	NA	NA
P-HDPOP	var	45.0	40	NA	NA	NA	NA
HDPOP	var	45.0	40	NA	NA	NA	NA
ABC-DPOP	var	45.0	40	196608	812643	1119.62	45
BC-DPOP	var	45.0	40	NA	NA	NA	45
DPOP	var	45.0	41	NA	NA	21239	NA
P-HDPOP	var	45.0	41	NA	NA	NA	NA
HDPOP	var	45.0	41	NA	NA	NA	NA
ABC-DPOP	var	45.0	41	NA	NA	NA	NA
BC-DPOP	var	45.0	41	NA	NA	NA	NA
DPOP	var	45.0	42	362797056	1554335545	NA	NA
P-HDPOP	var	45.0	42	NA	NA	NA	NA
HDPOP	var	45.0	42	NA	NA	NA	NA
ABC-DPOP	var	45.0	42	4718592	19516182	25004.4	45
BC-DPOP	var	45.0	42	NA	NA	NA	45
DPOP	var	45.0	43	NA	NA	NA	NA
P-HDPOP	var	45.0	43	NA	NA	NA	NA
HDPOP	var	45.0	43	NA	NA	NA	NA
ABC-DPOP	var	45.0	43	NA	NA	NA	NA
BC-DPOP	var	45.0	43	NA	NA	NA	NA
DPOP	var	45.0	44	362797056	513247765	NA	NA
P-HDPOP	var	45.0	44	NA	NA	NA	NA
HDPOP	var	45.0	44	NA	NA	NA	NA
ABC-DPOP	var	45.0	44	9437184	11160093	204148.0	45
BC-DPOP	var	45.0	44	NA	NA	NA	45
DPOP	var	45.0	45	NA	NA	NA	NA
P-HDPOP	var	45.0	45	NA	NA	NA	NA
HDPOP	var	45.0	45	NA	NA	NA	NA
ABC-DPOP	var	45.0	45	NA	NA	NA	NA
BC-DPOP	var	45.0	45	NA	NA	NA	NA
DPOP	var	45.0	46	NA	NA	NA	NA
P-HDPOP	var	45.0	46	NA	NA	NA	NA
HDPOP	var	45.0	46	NA	NA	NA	NA
ABC-DPOP	var	45.0	46	NA	NA	NA	NA
BC-DPOP	var	45.0	46	NA	NA	NA	NA
DPOP	var	45.0	47	60466176	209095255	NA	NA
P-HDPOP	var	45.0	47	NA	NA	NA	NA
HDPOP	var	45.0	47	NA	NA	NA	NA
ABC-DPOP	var	45.0	47	1179648	2482823	6640.08	45
BC-DPOP	var	45.0	47	NA	NA	NA	45
DPOP	var	45.0	48	NA	NA	NA	NA
P-HDPOP	var	45.0	48	NA	NA	NA	NA
HDPOP	var	45.0	48	NA	NA	NA	NA
ABC-DPOP	var	45.0	48	NA	NA	NA	NA
BC-DPOP	var	45.0	48	NA	NA	NA	NA
DPOP	var	45.0	49	60466176	259960525	NA	NA
P-HDPOP	var	45.0	49	NA	NA	NA	NA
HDPOP	var	45.0	49	NA	NA	NA	NA
ABC-DPOP	var	45.0	49	589824	3089861	5920.41	45
BC-DPOP	var	45.0	49	NA	NA	NA	45
DPOP	var	45.0	50	2176782336	2811787975	NA	NA
P-HDPOP	var	45.0	50	NA	NA	NA	NA
HDPOP	var	45.0	50	NA	NA	NA	NA
ABC-DPOP	var	45.0	50	23887872	51201331	72978.695	45
BC-DPOP	var	45.0	50	NA	NA	NA	45
DPOP	var	50.0	1	60466176	166353715	NA	NA
P-HDPOP	var	50.0	1	NA	NA	NA	NA
HDPOP	var	50.0	1	NA	NA	NA	NA
ABC-DPOP	var	50.0	1	2654208	5924307	44807.3	50
BC-DPOP	var	50.0	1	NA	NA	NA	50
DPOP	var	50.0	2	60466176	104298835	4795	NA
P-HDPOP	var	50.0	2	NA	NA	NA	NA
HDPOP	var	50.0	2	NA	NA	NA	NA
ABC-DPOP	var	50.0	2	196608	712757	529.897	50
BC-DPOP	var	50.0	2	NA	NA	NA	50
DPOP	var	50.0	3	10077696	41544055	NA	NA
P-HDPOP	var	50.0	3	NA	NA	NA	NA
HDPOP	var	50.0	3	NA	NA	NA	NA
ABC-DPOP	var	50.0	3	110592	718395	252.97299	50
BC-DPOP	var	50.0	3	1990656	7493861	14192.1	50
DPOP	var	50.0	4	NA	NA	15680	NA
P-HDPOP	var	50.0	4	NA	NA	NA	NA
HDPOP	var	50.0	4	NA	NA	NA	NA
ABC-DPOP	var	50.0	4	NA	NA	NA	NA
BC-DPOP	var	50.0	4	NA	NA	NA	NA
DPOP	var	50.0	5	1679616	3028645	NA	NA
P-HDPOP	var	50.0	5	NA	NA	NA	NA
HDPOP	var	50.0	5	NA	NA	NA	NA
ABC-DPOP	var	50.0	5	12288	53609	40.225	50
BC-DPOP	var	50.0	5	73728	232295	1384.41	50
DPOP	var	50.0	6	10077696	68713075	4036	NA
P-HDPOP	var	50.0	6	NA	NA	NA	NA
HDPOP	var	50.0	6	NA	NA	NA	NA
ABC-DPOP	var	50.0	6	1492992	5576259	38624.0	50
BC-DPOP	var	50.0	6	NA	NA	NA	50
DPOP	var	50.0	7	2176782336	7394430505	46116	NA
P-HDPOP	var	50.0	7	NA	NA	NA	NA
HDPOP	var	50.0	7	NA	NA	NA	NA
ABC-DPOP	var	50.0	7	25165824	34014357	114512.0	50
BC-DPOP	var	50.0	7	NA	NA	NA	50
DPOP	var	50.0	8	10077696	87407635	NA	NA
P-HDPOP	var	50.0	8	NA	NA	NA	NA
HDPOP	var	50.0	8	NA	NA	NA	NA
ABC-DPOP	var	50.0	8	1327104	6900601	14271.9	50
BC-DPOP	var	50.0	8	NA	NA	NA	50
DPOP	var	50.0	9	NA	NA	NA	NA
P-HDPOP	var	50.0	9	NA	NA	NA	NA
HDPOP	var	50.0	9	NA	NA	NA	NA
ABC-DPOP	var	50.0	9	NA	NA	NA	NA
BC-DPOP	var	50.0	9	NA	NA	NA	NA
DPOP	var	50.0	10	NA	NA	NA	NA
P-HDPOP	var	50.0	10	NA	NA	NA	NA
HDPOP	var	50.0	10	NA	NA	NA	NA
ABC-DPOP	var	50.0	10	NA	NA	NA	NA
BC-DPOP	var	50.0	10	NA	NA	NA	NA
DPOP	var	50.0	11	NA	NA	NA	NA
P-HDPOP	var	50.0	11	NA	NA	NA	NA
HDPOP	var	50.0	11	NA	NA	NA	NA
ABC-DPOP	var	50.0	11	NA	NA	NA	NA
BC-DPOP	var	50.0	11	NA	NA	NA	NA
DPOP	var	50.0	12	362797056	815623525	34323	NA
P-HDPOP	var	50.0	12	NA	NA	NA	NA
HDPOP	var	50.0	12	NA	NA	NA	NA
ABC-DPOP	var	50.0	12	2359296	5791839	9535.84	50
BC-DPOP	var	50.0	12	NA	NA	NA	50
DPOP	var	50.0	13	NA	NA	36948	NA
P-HDPOP	var	50.0	13	NA	NA	NA	NA
HDPOP	var	50.0	13	NA	NA	NA	NA
ABC-DPOP	var	50.0	13	NA	NA	NA	NA
BC-DPOP	var	50.0	13	NA	NA	NA	NA
DPOP	var	50.0	14	NA	NA	NA	NA
P-HDPOP	var	50.0	14	NA	NA	NA	NA
HDPOP	var	50.0	14	NA	NA	NA	NA
ABC-DPOP	var	50.0	14	NA	NA	NA	NA
BC-DPOP	var	50.0	14	NA	NA	NA	NA
DPOP	var	50.0	15	362797056	998930215	NA	NA
P-HDPOP	var	50.0	15	NA	NA	NA	NA
HDPOP	var	50.0	15	NA	NA	NA	NA
ABC-DPOP	var	50.0	15	3145728	11881273	44964.902	50
BC-DPOP	var	50.0	15	NA	NA	NA	50
DPOP	var	50.0	16	362797056	1172765395	NA	NA
P-HDPOP	var	50.0	16	NA	NA	NA	NA
HDPOP	var	50.0	16	NA	NA	NA	NA
ABC-DPOP	var	50.0	16	786432	2852705	47083.598	50
BC-DPOP	var	50.0	16	NA	NA	NA	50
DPOP	var	50.0	17	60466176	306729085	NA	NA
P-HDPOP	var	50.0	17	NA	NA	NA	NA
HDPOP	var	50.0	17	NA	NA	NA	NA
ABC-DPOP	var	50.0	17	2359296	6777587	18833.0	50
BC-DPOP	var	50.0	17	NA	NA	NA	50
DPOP	var	50.0	18	362797056	840557935	NA	NA
P-HDPOP	var	50.0	18	NA	NA	NA	NA
HDPOP	var	50.0	18	NA	NA	NA	NA
ABC-DPOP	var	50.0	18	1536	2152	2229.74	50
BC-DPOP	var	50.0	18	NA	NA	NA	50
DPOP	var	50.0	19	60466176	187414795	NA	NA
P-HDPOP	var	50.0	19	NA	NA	NA	NA
HDPOP	var	50.0	19	NA	NA	NA	NA
ABC-DPOP	var	50.0	19	3538944	7836833	6163.98	50
BC-DPOP	var	50.0	19	NA	NA	NA	50
DPOP	var	50.0	20	2176782336	3239338165	NA	NA
P-HDPOP	var	50.0	20	NA	NA	NA	NA
HDPOP	var	50.0	20	NA	NA	NA	NA
ABC-DPOP	var	50.0	20	7077888	17102235	47773.4	50
BC-DPOP	var	50.0	20	NA	NA	NA	50
DPOP	var	50.0	21	NA	NA	NA	NA
P-HDPOP	var	50.0	21	NA	NA	NA	NA
HDPOP	var	50.0	21	NA	NA	NA	NA
ABC-DPOP	var	50.0	21	NA	NA	NA	NA
BC-DPOP	var	50.0	21	NA	NA	NA	NA
DPOP	var	50.0	22	NA	NA	3530	NA
P-HDPOP	var	50.0	22	NA	NA	NA	NA
HDPOP	var	50.0	22	NA	NA	NA	NA
ABC-DPOP	var	50.0	22	NA	NA	NA	NA
BC-DPOP	var	50.0	22	NA	NA	NA	NA
DPOP	var	50.0	23	362797056	1227421345	6562	NA
P-HDPOP	var	50.0	23	NA	NA	NA	NA
HDPOP	var	50.0	23	NA	NA	NA	NA
ABC-DPOP	var	50.0	23	7077888	13357909	144815.0	50
BC-DPOP	var	50.0	23	NA	NA	NA	50
DPOP	var	50.0	24	NA	NA	NA	NA
P-HDPOP	var	50.0	24	NA	NA	NA	NA
HDPOP	var	50.0	24	NA	NA	NA	NA
ABC-DPOP	var	50.0	24	NA	NA	NA	NA
BC-DPOP	var	50.0	24	NA	NA	NA	NA
DPOP	var	50.0	25	2176782336	4869626845	NA	NA
P-HDPOP	var	50.0	25	NA	NA	NA	NA
HDPOP	var	50.0	25	NA	NA	NA	NA
ABC-DPOP	var	50.0	25	4718592	12809691	20865.4	50
BC-DPOP	var	50.0	25	NA	NA	NA	50
DPOP	var	50.0	26	NA	NA	215165	NA
P-HDPOP	var	50.0	26	NA	NA	NA	NA
HDPOP	var	50.0	26	NA	NA	NA	NA
ABC-DPOP	var	50.0	26	NA	NA	NA	NA
BC-DPOP	var	50.0	26	NA	NA	NA	NA
DPOP	var	50.0	27	60466176	120969955	NA	NA
P-HDPOP	var	50.0	27	NA	NA	NA	NA
HDPOP	var	50.0	27	NA	NA	NA	NA
ABC-DPOP	var	50.0	27	1769472	2248480	15279.101	50
BC-DPOP	var	50.0	27	NA	NA	NA	50
DPOP	var	50.0	28	60466176	410548195	NA	NA
P-HDPOP	var	50.0	28	NA	NA	NA	NA
HDPOP	var	50.0	28	NA	NA	NA	NA
ABC-DPOP	var	50.0	28	1179648	4055267	6347.94	50
BC-DPOP	var	50.0	28	NA	NA	NA	50
DPOP	var	50.0	29	NA	NA	NA	NA
P-HDPOP	var	50.0	29	NA	NA	NA	NA
HDPOP	var	50.0	29	NA	NA	NA	NA
ABC-DPOP	var	50.0	29	NA	NA	NA	NA
BC-DPOP	var	50.0	29	NA	NA	NA	NA
DPOP	var	50.0	30	NA	NA	35606	NA
P-HDPOP	var	50.0	30	NA	NA	NA	NA
HDPOP	var	50.0	30	NA	NA	NA	NA
ABC-DPOP	var	50.0	30	NA	NA	NA	NA
BC-DPOP	var	50.0	30	NA	NA	NA	NA
DPOP	var	50.0	31	279936	2632525	106937	NA
P-HDPOP	var	50.0	31	NA	NA	NA	NA
HDPOP	var	50.0	31	NA	NA	NA	NA
ABC-DPOP	var	50.0	31	24576	144241	57.9414	50
BC-DPOP	var	50.0	31	279936	1578713	1462.52	50
DPOP	var	50.0	32	60466176	337309825	NA	NA
P-HDPOP	var	50.0	32	NA	NA	NA	NA
HDPOP	var	50.0	32	NA	NA	NA	NA
ABC-DPOP	var	50.0	32	442368	1602691	6501.33	50
BC-DPOP	var	50.0	32	NA	NA	NA	50
DPOP	var	50.0	33	362797056	921577945	111944	NA
P-HDPOP	var	50.0	33	NA	NA	NA	NA
HDPOP	var	50.0	33	NA	NA	NA	NA
ABC-DPOP	var	50.0	33	9437184	21428300	151204.0	50
BC-DPOP	var	50.0	33	NA	NA	NA	50
DPOP	var	50.0	34	NA	NA	NA	NA
P-HDPOP	var	50.0	34	NA	NA	NA	NA
HDPOP	var	50.0	34	NA	NA	NA	NA
ABC-DPOP	var	50.0	34	NA	NA	NA	NA
BC-DPOP	var	50.0	34	NA	NA	NA	NA
DPOP	var	50.0	35	10077696	39249205	NA	NA
P-HDPOP	var	50.0	35	NA	NA	NA	NA
HDPOP	var	50.0	35	NA	NA	NA	NA
ABC-DPOP	var	50.0	35	196608	693425	2391.01	50
BC-DPOP	var	50.0	35	NA	NA	NA	50
DPOP	var	50.0	36	NA	NA	NA	NA
P-HDPOP	var	50.0	36	NA	NA	NA	NA
HDPOP	var	50.0	36	NA	NA	NA	NA
ABC-DPOP	var	50.0	36	NA	NA	NA	NA
BC-DPOP	var	50.0	36	NA	NA	NA	NA
DPOP	var	50.0	37	362797056	924381265	NA	NA
P-HDPOP	var	50.0	37	NA	NA	NA	NA
HDPOP	var	50.0	37	NA	NA	NA	NA
ABC-DPOP	var	50.0	37	786432	1909736	18204.3	50
BC-DPOP	var	50.0	37	NA	NA	NA	50
DPOP	var	50.0	38	60466176	342941965	32028	NA
P-HDPOP	var	50.0	38	NA	NA	NA	NA
HDPOP	var	50.0	38	NA	NA	NA	NA
ABC-DPOP	var	50.0	38	1048576	2319641	2036.45	50
BC-DPOP	var	50.0	38	NA	NA	NA	50
DPOP	var	50.0	39	60466176	97096405	NA	NA
P-HDPOP	var	50.0	39	NA	NA	NA	NA
HDPOP	var	50.0	39	NA	NA	NA	NA
ABC-DPOP	var	50.0	39	442368	1607627	1133.88	50
BC-DPOP	var	50.0	39	11943936	19257269	107998.0	50
DPOP	var	50.0	40	60466176	286263775	NA	NA
P-HDPOP	var	50.0	40	NA	NA	NA	NA
HDPOP	var	50.0	40	NA	NA	NA	NA
ABC-DPOP	var	50.0	40	1048576	1459439	1957.53	50
BC-DPOP	var	50.0	40	NA	NA	NA	50
DPOP	var	50.0	41	279936	1556305	NA	NA
P-HDPOP	var	50.0	41	NA	NA	NA	NA
HDPOP	var	50.0	41	NA	NA	NA	NA
ABC-DPOP	var	50.0	41	6144	56575	63.4596	50
BC-DPOP	var	50.0	41	20736	117695	1407.5901	50
DPOP	var	50.0	42	362797056	445732825	52989	NA
P-HDPOP	var	50.0	42	NA	NA	NA	NA
HDPOP	var	50.0	42	NA	NA	NA	NA
ABC-DPOP	var	50.0	42	3538944	6725059	12494.5	50
BC-DPOP	var	50.0	42	NA	NA	NA	50
DPOP	var	50.0	43	362797056	440935795	NA	NA
P-HDPOP	var	50.0	43	NA	NA	NA	NA
HDPOP	var	50.0	43	NA	NA	NA	NA
ABC-DPOP	var	50.0	43	4194304	5494815	31348.7	50
BC-DPOP	var	50.0	43	NA	NA	NA	50
DPOP	var	50.0	44	60466176	158604865	NA	NA
P-HDPOP	var	50.0	44	NA	NA	NA	NA
HDPOP	var	50.0	44	NA	NA	NA	NA
ABC-DPOP	var	50.0	44	3538944	7628361	30377.898	50
BC-DPOP	var	50.0	44	NA	NA	NA	50
DPOP	var	50.0	45	10077696	34452535	NA	NA
P-HDPOP	var	50.0	45	NA	NA	NA	NA
HDPOP	var	50.0	45	NA	NA	NA	NA
ABC-DPOP	var	50.0	45	746496	3791003	4878.96	50
BC-DPOP	var	50.0	45	1679616	11230183	11935.1	50
DPOP	var	50.0	46	NA	NA	1690	NA
P-HDPOP	var	50.0	46	NA	NA	NA	NA
HDPOP	var	50.0	46	NA	NA	NA	NA
ABC-DPOP	var	50.0	46	NA	NA	NA	NA
BC-DPOP	var	50.0	46	NA	NA	NA	NA
DPOP	var	50.0	47	362797056	637669705	NA	NA
P-HDPOP	var	50.0	47	NA	NA	NA	NA
HDPOP	var	50.0	47	NA	NA	NA	NA
ABC-DPOP	var	50.0	47	589824	1492995	5765.82	50
BC-DPOP	var	50.0	47	NA	NA	NA	50
DPOP	var	50.0	48	60466176	121020175	10473	NA
P-HDPOP	var	50.0	48	NA	NA	NA	NA
HDPOP	var	50.0	48	NA	NA	NA	NA
ABC-DPOP	var	50.0	48	110592	607692	606.778	50
BC-DPOP	var	50.0	48	NA	NA	NA	50
DPOP	var	50.0	49	60466176	289619755	NA	NA
P-HDPOP	var	50.0	49	NA	NA	NA	NA
HDPOP	var	50.0	49	NA	NA	NA	NA
ABC-DPOP	var	50.0	49	5308416	24027491	69402.195	50
BC-DPOP	var	50.0	49	NA	NA	NA	50
DPOP	var	50.0	50	NA	NA	NA	NA
P-HDPOP	var	50.0	50	NA	NA	NA	NA
HDPOP	var	50.0	50	NA	NA	NA	NA
ABC-DPOP	var	50.0	50	NA	NA	NA	NA
BC-DPOP	var	50.0	50	NA	NA	NA	NA
DPOP	var	55.0	1	362797056	1910553715	11333	NA
P-HDPOP	var	55.0	1	NA	NA	NA	NA
HDPOP	var	55.0	1	NA	NA	NA	NA
ABC-DPOP	var	55.0	1	4194304	10015913	14012.101	55
BC-DPOP	var	55.0	1	NA	NA	NA	55
DPOP	var	55.0	2	NA	NA	NA	NA
P-HDPOP	var	55.0	2	NA	NA	NA	NA
HDPOP	var	55.0	2	NA	NA	NA	NA
ABC-DPOP	var	55.0	2	NA	NA	NA	NA
BC-DPOP	var	55.0	2	NA	NA	NA	NA
DPOP	var	55.0	3	78364164096	110487317395	47277	NA
P-HDPOP	var	55.0	3	NA	NA	NA	NA
HDPOP	var	55.0	3	NA	NA	NA	NA
ABC-DPOP	var	55.0	3	12582912	23120823	59811.0	55
BC-DPOP	var	55.0	3	NA	NA	NA	55
DPOP	var	55.0	4	NA	NA	NA	NA
P-HDPOP	var	55.0	4	NA	NA	NA	NA
HDPOP	var	55.0	4	NA	NA	NA	NA
ABC-DPOP	var	55.0	4	NA	NA	NA	NA
BC-DPOP	var	55.0	4	NA	NA	NA	NA
DPOP	var	55.0	5	362797056	1223361205	NA	NA
P-HDPOP	var	55.0	5	NA	NA	NA	NA
HDPOP	var	55.0	5	NA	NA	NA	NA
ABC-DPOP	var	55.0	5	21233664	40733187	102630.0	55
BC-DPOP	var	55.0	5	NA	NA	NA	55
DPOP	var	55.0	6	362797056	1224936055	NA	NA
P-HDPOP	var	55.0	6	NA	NA	NA	NA
HDPOP	var	55.0	6	NA	NA	NA	NA
ABC-DPOP	var	55.0	6	7077888	18581461	52222.098	55
BC-DPOP	var	55.0	6	NA	NA	NA	55
DPOP	var	55.0	7	NA	NA	NA	NA
P-HDPOP	var	55.0	7	NA	NA	NA	NA
HDPOP	var	55.0	7	NA	NA	NA	NA
ABC-DPOP	var	55.0	7	NA	NA	NA	NA
BC-DPOP	var	55.0	7	NA	NA	NA	NA
DPOP	var	55.0	8	NA	NA	NA	NA
P-HDPOP	var	55.0	8	NA	NA	NA	NA
HDPOP	var	55.0	8	NA	NA	NA	NA
ABC-DPOP	var	55.0	8	NA	NA	NA	NA
BC-DPOP	var	55.0	8	NA	NA	NA	NA
DPOP	var	55.0	9	NA	NA	NA	NA
P-HDPOP	var	55.0	9	NA	NA	NA	NA
HDPOP	var	55.0	9	NA	NA	NA	NA
ABC-DPOP	var	55.0	9	NA	NA	NA	NA
BC-DPOP	var	55.0	9	NA	NA	NA	NA
DPOP	var	55.0	10	NA	NA	NA	NA
P-HDPOP	var	55.0	10	NA	NA	NA	NA
HDPOP	var	55.0	10	NA	NA	NA	NA
ABC-DPOP	var	55.0	10	NA	NA	NA	NA
BC-DPOP	var	55.0	10	NA	NA	NA	NA
DPOP	var	55.0	11	60466176	279493915	NA	NA
P-HDPOP	var	55.0	11	NA	NA	NA	NA
HDPOP	var	55.0	11	NA	NA	NA	NA
ABC-DPOP	var	55.0	11	2359296	8228067	70461.6	55
BC-DPOP	var	55.0	11	NA	NA	NA	55
DPOP	var	55.0	12	60466176	107890255	8683	NA
P-HDPOP	var	55.0	12	NA	NA	NA	NA
HDPOP	var	55.0	12	NA	NA	NA	NA
ABC-DPOP	var	55.0	12	884736	1920157	9112.13	55
BC-DPOP	var	55.0	12	NA	NA	NA	55
DPOP	var	55.0	13	1679616	6284245	NA	NA
P-HDPOP	var	55.0	13	NA	NA	NA	NA
HDPOP	var	55.0	13	NA	NA	NA	NA
ABC-DPOP	var	55.0	13	24576	172439	176.066	55
BC-DPOP	var	55.0	13	82944	646111	1441.71	55
DPOP	var	55.0	14	NA	NA	NA	NA
P-HDPOP	var	55.0	14	NA	NA	NA	NA
HDPOP	var	55.0	14	NA	NA	NA	NA
ABC-DPOP	var	55.0	14	NA	NA	NA	NA
BC-DPOP	var	55.0	14	NA	NA	NA	NA
DPOP	var	55.0	15	NA	NA	NA	NA
P-HDPOP	var	55.0	15	NA	NA	NA	NA
HDPOP	var	55.0	15	NA	NA	NA	NA
ABC-DPOP	var	55.0	15	NA	NA	NA	NA
BC-DPOP	var	55.0	15	NA	NA	NA	NA
DPOP	var	55.0	16	NA	NA	NA	NA
P-HDPOP	var	55.0	16	NA	NA	NA	NA
HDPOP	var	55.0	16	NA	NA	NA	NA
ABC-DPOP	var	55.0	16	NA	NA	NA	NA
BC-DPOP	var	55.0	16	NA	NA	NA	NA
DPOP	var	55.0	17	60466176	372934645	NA	NA
P-HDPOP	var	55.0	17	NA	NA	NA	NA
HDPOP	var	55.0	17	NA	NA	NA	NA
ABC-DPOP	var	55.0	17	1179648	4635693	3584.7002	55
BC-DPOP	var	55.0	17	NA	NA	NA	55
DPOP	var	55.0	18	NA	NA	NA	NA
P-HDPOP	var	55.0	18	NA	NA	NA	NA
HDPOP	var	55.0	18	NA	NA	NA	NA
ABC-DPOP	var	55.0	18	NA	NA	NA	NA
BC-DPOP	var	55.0	18	NA	NA	NA	NA
DPOP	var	55.0	19	NA	NA	NA	NA
P-HDPOP	var	55.0	19	NA	NA	NA	NA
HDPOP	var	55.0	19	NA	NA	NA	NA
ABC-DPOP	var	55.0	19	NA	NA	NA	NA
BC-DPOP	var	55.0	19	NA	NA	NA	NA
DPOP	var	55.0	20	60466176	338888215	NA	NA
P-HDPOP	var	55.0	20	NA	NA	NA	NA
HDPOP	var	55.0	20	NA	NA	NA	NA
ABC-DPOP	var	55.0	20	393216	2746177	3937.4102	55
BC-DPOP	var	55.0	20	NA	NA	NA	55
DPOP	var	55.0	21	362797056	799202365	NA	NA
P-HDPOP	var	55.0	21	NA	NA	NA	NA
HDPOP	var	55.0	21	NA	NA	NA	NA
ABC-DPOP	var	55.0	21	2359296	12283205	18702.299	55
BC-DPOP	var	55.0	21	NA	NA	NA	55
DPOP	var	55.0	22	NA	NA	11588	NA
P-HDPOP	var	55.0	22	NA	NA	NA	NA
HDPOP	var	55.0	22	NA	NA	NA	NA
ABC-DPOP	var	55.0	22	NA	NA	NA	NA
BC-DPOP	var	55.0	22	NA	NA	NA	NA
DPOP	var	55.0	23	NA	NA	NA	NA
P-HDPOP	var	55.0	23	NA	NA	NA	NA
HDPOP	var	55.0	23	NA	NA	NA	NA
ABC-DPOP	var	55.0	23	NA	NA	NA	NA
BC-DPOP	var	55.0	23	NA	NA	NA	NA
DPOP	var	55.0	24	362797056	438518425	14998	NA
P-HDPOP	var	55.0	24	NA	NA	NA	NA
HDPOP	var	55.0	24	NA	NA	NA	NA
ABC-DPOP	var	55.0	24	12288	48056	283.252	55
BC-DPOP	var	55.0	24	NA	NA	NA	55
DPOP	var	55.0	25	60466176	115449745	NA	NA
P-HDPOP	var	55.0	25	NA	NA	NA	NA
HDPOP	var	55.0	25	NA	NA	NA	NA
ABC-DPOP	var	55.0	25	1327104	6482455	23518.6	55
BC-DPOP	var	55.0	25	NA	NA	NA	55
DPOP	var	55.0	26	10077696	21368575	NA	NA
P-HDPOP	var	55.0	26	NA	NA	NA	NA
HDPOP	var	55.0	26	NA	NA	NA	NA
ABC-DPOP	var	55.0	26	147456	775029	857.089	55
BC-DPOP	var	55.0	26	2985984	7879335	87879.4	55
DPOP	var	55.0	27	NA	NA	NA	NA
P-HDPOP	var	55.0	27	NA	NA	NA	NA
HDPOP	var	55.0	27	NA	NA	NA	NA
ABC-DPOP	var	55.0	27	NA	NA	NA	NA
BC-DPOP	var	55.0	27	NA	NA	NA	NA
DPOP	var	55.0	28	NA	NA	NA	NA
P-HDPOP	var	55.0	28	NA	NA	NA	NA
HDPOP	var	55.0	28	NA	NA	NA	NA
ABC-DPOP	var	55.0	28	NA	NA	NA	NA
BC-DPOP	var	55.0	28	NA	NA	NA	NA
DPOP	var	55.0	29	2176782336	2739046705	NA	NA
P-HDPOP	var	55.0	29	NA	NA	NA	NA
HDPOP	var	55.0	29	NA	NA	NA	NA
ABC-DPOP	var	55.0	29	3538944	11485537	84083.5	55
BC-DPOP	var	55.0	29	NA	NA	NA	55
DPOP	var	55.0	30	NA	NA	7103	NA
P-HDPOP	var	55.0	30	NA	NA	NA	NA
HDPOP	var	55.0	30	NA	NA	NA	NA
ABC-DPOP	var	55.0	30	NA	NA	NA	NA
BC-DPOP	var	55.0	30	NA	NA	NA	NA
DPOP	var	55.0	31	NA	NA	5359	NA
P-HDPOP	var	55.0	31	NA	NA	NA	NA
HDPOP	var	55.0	31	NA	NA	NA	NA
ABC-DPOP	var	55.0	31	NA	NA	NA	NA
BC-DPOP	var	55.0	31	NA	NA	NA	NA
DPOP	var	55.0	32	NA	NA	NA	NA
P-HDPOP	var	55.0	32	NA	NA	NA	NA
HDPOP	var	55.0	32	NA	NA	NA	NA
ABC-DPOP	var	55.0	32	NA	NA	NA	NA
BC-DPOP	var	55.0	32	NA	NA	NA	NA
DPOP	var	55.0	33	NA	NA	12792	NA
P-HDPOP	var	55.0	33	NA	NA	NA	NA
HDPOP	var	55.0	33	NA	NA	NA	NA
ABC-DPOP	var	55.0	33	NA	NA	NA	NA
BC-DPOP	var	55.0	33	41472	132424	214.421	NA
DPOP	var	55.0	34	NA	NA	NA	NA
P-HDPOP	var	55.0	34	NA	NA	NA	NA
HDPOP	var	55.0	34	NA	NA	NA	NA
ABC-DPOP	var	55.0	34	NA	NA	NA	NA
BC-DPOP	var	55.0	34	NA	NA	NA	NA
DPOP	var	55.0	35	60466176	578787835	NA	NA
P-HDPOP	var	55.0	35	NA	NA	NA	NA
HDPOP	var	55.0	35	NA	NA	NA	NA
ABC-DPOP	var	55.0	35	1048576	5946595	2528.5598	55
BC-DPOP	var	55.0	35	NA	NA	NA	55
DPOP	var	55.0	36	60466176	84921025	NA	NA
P-HDPOP	var	55.0	36	NA	NA	NA	NA
HDPOP	var	55.0	36	NA	NA	NA	NA
ABC-DPOP	var	55.0	36	589824	908511	330.733	55
BC-DPOP	var	55.0	36	NA	NA	NA	55
DPOP	var	55.0	37	10077696	32126785	NA	NA
P-HDPOP	var	55.0	37	NA	NA	NA	NA
HDPOP	var	55.0	37	NA	NA	NA	NA
ABC-DPOP	var	55.0	37	884736	1911069	1271.53	55
BC-DPOP	var	55.0	37	1327104	4734403	11912.8	55
DPOP	var	55.0	38	362797056	514183195	221645	NA
P-HDPOP	var	55.0	38	NA	NA	NA	NA
HDPOP	var	55.0	38	NA	NA	NA	NA
ABC-DPOP	var	55.0	38	2359296	4374462	11898.5	55
BC-DPOP	var	55.0	38	NA	NA	NA	55
DPOP	var	55.0	39	NA	NA	24760	NA
P-HDPOP	var	55.0	39	NA	NA	NA	NA
HDPOP	var	55.0	39	NA	NA	NA	NA
ABC-DPOP	var	55.0	39	NA	NA	NA	NA
BC-DPOP	var	55.0	39	124416	856184	10945.6	NA
DPOP	var	55.0	40	1679616	4258705	11784	NA
P-HDPOP	var	55.0	40	NA	NA	NA	NA
HDPOP	var	55.0	40	NA	NA	NA	NA
ABC-DPOP	var	55.0	40	73728	193758	176.166	55
BC-DPOP	var	55.0	40	248832	698466	1543.74	55
DPOP	var	55.0	41	362797056	1604669005	16186	NA
P-HDPOP	var	55.0	41	NA	NA	NA	NA
HDPOP	var	55.0	41	NA	NA	NA	NA
ABC-DPOP	var	55.0	41	3538944	7179787	16533.8	55
BC-DPOP	var	55.0	41	NA	NA	NA	55
DPOP	var	55.0	42	362797056	569177245	NA	NA
P-HDPOP	var	55.0	42	NA	NA	NA	NA
HDPOP	var	55.0	42	NA	NA	NA	NA
ABC-DPOP	var	55.0	42	1179648	2951249	5991.31	55
BC-DPOP	var	55.0	42	NA	NA	NA	55
DPOP	var	55.0	43	60466176	611267575	NA	NA
P-HDPOP	var	55.0	43	NA	NA	NA	NA
HDPOP	var	55.0	43	NA	NA	NA	NA
ABC-DPOP	var	55.0	43	2359296	9837773	18345.4	55
BC-DPOP	var	55.0	43	NA	NA	NA	55
DPOP	var	55.0	44	60466176	92787745	NA	NA
P-HDPOP	var	55.0	44	NA	NA	NA	NA
HDPOP	var	55.0	44	NA	NA	NA	NA
ABC-DPOP	var	55.0	44	294912	944949	5830.32	55
BC-DPOP	var	55.0	44	NA	NA	NA	55
DPOP	var	55.0	45	13060694016	16179124015	NA	NA
P-HDPOP	var	55.0	45	NA	NA	NA	NA
HDPOP	var	55.0	45	NA	NA	NA	NA
ABC-DPOP	var	55.0	45	14155776	32234772	43972.8	55
BC-DPOP	var	55.0	45	NA	NA	NA	55
DPOP	var	55.0	46	279936	1525345	16484	NA
P-HDPOP	var	55.0	46	NA	NA	NA	NA
HDPOP	var	55.0	46	NA	NA	NA	NA
ABC-DPOP	var	55.0	46	12288	61411	172.814	55
BC-DPOP	var	55.0	46	82944	206641	1461.2401	55
DPOP	var	55.0	47	NA	NA	NA	NA
P-HDPOP	var	55.0	47	NA	NA	NA	NA
HDPOP	var	55.0	47	NA	NA	NA	NA
ABC-DPOP	var	55.0	47	NA	NA	NA	NA
BC-DPOP	var	55.0	47	NA	NA	NA	NA
DPOP	var	55.0	48	NA	NA	NA	NA
P-HDPOP	var	55.0	48	NA	NA	NA	NA
HDPOP	var	55.0	48	NA	NA	NA	NA
ABC-DPOP	var	55.0	48	NA	NA	NA	NA
BC-DPOP	var	55.0	48	NA	NA	NA	NA
DPOP	var	55.0	49	NA	NA	19250	NA
P-HDPOP	var	55.0	49	NA	NA	NA	NA
HDPOP	var	55.0	49	NA	NA	NA	NA
ABC-DPOP	var	55.0	49	NA	NA	NA	NA
BC-DPOP	var	55.0	49	NA	NA	NA	NA
DPOP	var	55.0	50	NA	NA	NA	NA
P-HDPOP	var	55.0	50	NA	NA	NA	NA
HDPOP	var	55.0	50	NA	NA	NA	NA
ABC-DPOP	var	55.0	50	NA	NA	NA	NA
BC-DPOP	var	55.0	50	NA	NA	NA	NA

